Order_ID,Country,Category,Unit_Price,Quantity,Order_Date,Total_Amount
1,Germany,Electronics,0.13603357126694504,0.5,2025-06-12,0.6725685250583515
2,Pakistan,Toys,-0.49680126715076206,1.0,2025-01-14,0.1521334737826216
3,Australia,Fashion,0.9417028366897742,1.0,2025-08-27,2.1672072256676413
4,UAE,Grocery,-0.03453808652006657,-0.5,2025-03-13,-0.1391728646852218
5,Germany,Sports,0.6221175405755662,0.0,2025-05-23,0.6848055428375664
6,Brazil,Home Decor,0.10122806656655634,0.75,2025-10-10,0.8122536667829963
7,India,Fashion,-0.9308826857013555,0.75,2025-09-26,-0.472895742017283
8,Germany,Toys,0.27011293275461307,-0.25,2025-08-29,0.20697273085284523
9,Australia,Home Decor,0.9182111780799374,-1.0,2025-09-02,-0.30383151208173387
10,UAE,Beauty,0.20589142821878925,-1.0,2025-06-12,-0.41470107033883935
11,Pakistan,Electronics,0.6489827823833131,-0.25,2025-03-01,0.44285069365512864
12,Australia,Sports,0.7813753522720259,0.25,2025-01-06,1.092213068827622
13,Australia,Toys,-0.55481044165141,0.75,2025-07-16,-0.00462330028079187
14,India,Beauty,-0.5874766009092218,0.25,2025-02-27,-0.18612305534833243
15,Canada,Books,0.2249809721679386,1.0,2025-11-01,1.1632146664916387
16,UAE,Fashion,-0.18223520457490788,1.0,2025-08-05,0.5927813761682318
17,UK,Grocery,0.6910702898401663,-0.75,2025-01-26,-0.06977213276940172
18,Australia,Home Decor,0.8135889576862155,-1.0,2025-10-30,-0.32011551847238995
19,Canada,Electronics,-0.299570073848559,-0.75,2025-01-05,-0.378150103576014
20,UK,Home Decor,-0.5369139941990825,0.0,2025-01-20,-0.21718625432633973
21,UAE,Sports,0.5702384135930718,-0.25,2025-07-17,0.39382578098235527
22,USA,Fashion,-0.4596507107152407,-0.25,2025-02-28,-0.2473657754113425
23,Brazil,Home Decor,0.6559356550716886,1.0,2025-08-30,1.766901140136586
24,Canada,Electronics,-0.15635735297142736,0.75,2025-05-26,0.49151701240030604
25,China,Fashion,0.34017649599901256,0.25,2025-09-30,0.6801886460197675
26,USA,Home Decor,-0.8247382387427231,-1.0,2025-09-06,-0.5751142217711339
27,Brazil,Grocery,0.2511879538395079,-0.75,2025-01-14,-0.20670378540714823
28,India,Toys,-0.09925328615802356,0.25,2025-01-13,0.26981631666405187
29,Germany,Fashion,0.1753234731450435,-0.75,2025-02-13,-0.23031975692454484
30,Pakistan,Toys,-0.6771234032049038,0.0,2025-01-19,-0.32630126372342166
31,China,Books,0.4813321539505893,0.0,2025-03-04,0.5752422910309896
32,India,Fashion,0.7377656182502621,0.25,2025-08-27,1.0514870441934998
33,UAE,Grocery,-0.5778906876761358,0.25,2025-04-10,-0.1771710140844169
34,India,Toys,-0.8243679674161232,0.25,2025-06-12,-0.4073498948231204
35,Germany,Beauty,-0.9711599777837203,-0.75,2025-05-02,-0.5872103633645076
36,UAE,Electronics,0.2880916627239626,-0.5,2025-02-13,0.01147500568307338
37,China,Beauty,0.2170407092752967,0.25,2025-05-25,0.5651952575953074
38,Germany,Home Decor,0.09406948758562528,0.75,2025-02-19,0.8033400462970375
39,UK,Grocery,-0.5469524612757903,-1.0,2025-03-06,-0.5318780396438395
40,Pakistan,Beauty,-0.22321189805196137,-1.0,2025-10-15,-0.48148918935360246
41,China,Fashion,0.1913685639643716,-0.75,2025-06-13,-0.2253250557901714
42,UK,Home Decor,-0.007631703453808609,0.25,2025-05-21,0.35537938917366513
43,Brazil,Home Decor,0.9923065846584246,1.0,2025-05-08,2.238093560997788
44,China,Beauty,-0.7414271902577498,-0.25,2025-08-27,-0.42279504756172137
45,Brazil,Books,0.39637545512517236,-0.5,2025-10-23,0.06203674947411553
46,UAE,Beauty,-0.19589410240059246,0.75,2025-07-06,0.4422871889117634
47,UK,Books,-0.1472651348404747,1.0,2025-07-27,0.6417678680630485
48,Pakistan,Grocery,0.4420833933310019,0.0,2025-08-08,0.5446977725553979
49,Germany,Electronics,0.3908625264846851,1.0,2025-07-09,1.3955835315738752
50,Australia,Beauty,0.9993828811223335,-0.75,2025-10-11,0.02620297056648233
51,India,Sports,-0.7578014111451669,-0.5,2025-08-25,-0.4768915029247817
52,USA,Books,-0.8072943451340175,0.5,2025-07-13,-0.3552064956728599
53,Pakistan,Beauty,0.4558245736737087,0.5,2025-10-14,1.0209873499588578
54,UK,Toys,0.15857898093102674,0.25,2025-09-16,0.5105993321188098
55,Australia,Fashion,-0.4609672309875958,0.25,2025-09-03,-0.06797916313142152
56,Pakistan,Sports,-0.8575689630345791,-0.75,2025-05-16,-0.5518504407183406
57,UK,Sports,-0.8448563141546499,0.25,2025-10-07,-0.42648344224556645
58,Canada,Books,0.8016991339765083,-0.25,2025-09-28,0.5379293121720226
59,Canada,Toys,-0.6285767181618085,-0.5,2025-06-20,-0.4165516711437545
60,Brazil,Toys,-0.3607471252545615,-0.75,2025-06-08,-0.397194002516561
61,Pakistan,Home Decor,-0.557731471005698,-1.0,2025-07-20,-0.5335557469479495
62,Canada,Books,-0.29636105568469334,0.0,2025-02-14,-0.02998101373222642
63,UK,Electronics,-0.8779338859975725,-0.75,2025-09-21,-0.5581898690811992
64,Brazil,Fashion,0.037747104683932324,-0.75,2025-03-12,-0.2731461174203009
65,UK,Grocery,-0.8815954580050602,0.5,2025-04-13,-0.43615907482766686
66,Brazil,Sports,0.6106391294509699,0.75,2025-05-05,1.4465550969964558
67,Pakistan,Grocery,-0.5433320305268138,0.75,2025-10-13,0.009669229119107555
68,Australia,Beauty,0.08045173101845188,-0.25,2025-08-18,0.08889287326586214
69,Germany,Beauty,0.7729825355357619,-1.0,2025-05-26,-0.3264357364462702
70,China,Grocery,0.3061938164688458,0.5,2025-07-16,0.8579615856255064
71,Australia,Beauty,0.06605229053956763,-1.0,2025-08-09,-0.43646644105132065
72,UAE,Electronics,-0.3587723448460287,-0.25,2025-03-01,-0.1845606103780925
73,UK,Toys,-0.3411227449447678,0.75,2025-04-08,0.26145339399547274
74,UAE,Beauty,0.3441260568160779,-0.75,2025-06-20,-0.17777293960573887
75,Australia,Home Decor,1.0052660810894205,0.25,2025-06-22,1.3012989424680868
76,Brazil,Beauty,0.32853351984037193,0.25,2025-05-31,0.669315565858016
77,China,Fashion,0.11661489724970697,1.0,2025-05-02,1.011414172784642
78,China,Electronics,0.46866064632917126,0.0,2025-04-18,0.5653809580220982
79,USA,Fashion,-0.07189434924814347,-0.25,2025-01-04,-0.005955220583291488
80,China,Fashion,-0.8968177236541665,0.0,2025-04-03,-0.4972737256308212
81,Germany,Home Decor,0.1258305391561927,0.0,2025-01-06,0.29858067242764885
82,China,Electronics,0.9308826857013555,0.75,2025-10-15,1.8453115444832564
83,Australia,Electronics,-0.6623125501409088,0.75,2025-04-16,-0.1384812906820009
84,USA,Books,0.38588443420484236,-0.75,2025-05-26,-0.16477390973038222
85,Australia,Electronics,-0.6101042930903257,0.5,2025-09-28,-0.1403639088018801
86,Australia,Electronics,0.07189434924814359,0.75,2025-04-06,0.7757283138721421
87,India,Electronics,-0.8224343282661015,0.25,2025-08-17,-0.4055441182591546
88,USA,Home Decor,-0.10213317425380036,0.0,2025-07-21,0.12117273021249893
89,Australia,Beauty,0.5206220558286878,1.0,2025-07-31,1.5773522320871125
90,India,Books,-0.3114598975582662,-0.5,2025-01-06,-0.2684779928985596
91,India,Fashion,0.33478699113405874,-0.25,2025-04-22,0.24723770615148666
92,USA,Electronics,0.6006418036327731,1.0,2025-04-16,1.6894448517758403
93,UAE,Sports,0.868882809125131,0.25,2025-05-19,1.1739340635415632
94,Brazil,Beauty,-0.5414395326353032,0.75,2025-10-26,0.012025703500453028
95,Germany,Beauty,-0.20609713451134468,0.5,2025-04-06,0.29981013732226375
96,Brazil,Fashion,-0.7088844547754716,-0.75,2025-10-24,-0.5055662102064797
97,China,Home Decor,1.0018924978915102,-0.5,2025-08-02,0.3447752544576106
98,Germany,Grocery,0.8685536790570423,-1.0,2025-10-18,-0.3115604919140272
99,China,Grocery,0.08032830724291846,1.0,2025-01-22,0.9605834835479027
100,Australia,Beauty,0.6955135457593647,0.5,2025-07-12,1.2821333777306767
101,UK,Toys,0.04161438298397551,-1.0,2025-05-30,-0.4402700980690358
102,USA,Toys,0.25061197622035264,-0.5,2025-09-04,-0.006025658676212148
103,Germany,Fashion,-0.8377800176907411,-0.25,2025-09-24,-0.48278268887814535
104,Germany,Grocery,0.5188118404541995,-0.25,2025-09-08,0.36180846601842276
105,Australia,Beauty,-0.7592002139345442,0.0,2025-01-03,-0.390175807076467
106,UAE,Home Decor,0.6629708102770863,-0.5,2025-03-17,0.18652007005388513
107,India,Grocery,0.5732828667228931,-0.5,2025-03-28,0.14464142208106137
108,Australia,Beauty,0.424063522103141,-1.0,2025-09-27,-0.38074350608809254
109,Canada,Beauty,-0.9456523975068396,0.5,2025-08-13,-0.5059504179860469
110,India,Electronics,-0.40197066628268147,-1.0,2025-01-18,-0.5093122360572598
111,USA,Home Decor,-0.4834714993931663,-0.75,2025-04-23,-0.43539706273152523
112,India,Electronics,-0.28587003476436335,-0.25,2025-09-08,-0.1391728646852218
113,UAE,Fashion,-0.8408244708205623,-0.25,2025-08-21,-0.48467811392401017
114,India,Electronics,0.8887951782445025,0.0,2025-10-06,0.8923417784337768
115,USA,Sports,0.10851006932302058,-0.75,2025-07-21,-0.2511182047251154
116,UAE,Electronics,-0.39711599777837203,-0.25,2025-03-24,-0.2084327204152006
117,Brazil,Sports,-0.21082837924012096,-1.0,2025-05-05,-0.47956174699277376
118,Germany,Grocery,-0.10855121058153164,-0.75,2025-06-24,-0.3186875462249985
119,Germany,Toys,0.2037932240347233,-1.0,2025-03-10,-0.41502764695147143
120,China,Books,0.030876514512578918,-0.25,2025-02-16,0.058028181640631185
121,Brazil,Books,0.8530434245983585,-0.25,2025-09-13,0.5698953994320128
122,Brazil,Beauty,-0.007220290868697654,0.5,2025-08-03,0.5164905180721734
123,India,Books,1.001234237755333,1.0,2025-01-30,2.2505995242226997
124,Germany,Sports,0.7146442309670251,1.0,2025-10-08,1.8491408153529427
125,USA,Home Decor,-0.594676321148664,0.0,2025-08-25,-0.262138564535701
126,Pakistan,Electronics,0.8758356818135066,-1.0,2025-09-05,-0.31042707896430394
127,Pakistan,Sports,-0.7823216012177812,-1.0,2025-01-25,-0.5685122514255709
128,UAE,Home Decor,0.6454446341513586,0.25,2025-03-15,0.9652708184586225
129,Germany,Toys,-0.24415279863411019,-0.75,2025-07-25,-0.3608991742734472
130,Germany,Books,0.7687038446506079,0.75,2025-04-04,1.6433719355427416
131,Pakistan,Toys,0.7485034867216588,1.0,2025-05-07,1.8965712657405125
132,Germany,Books,0.6219529755415218,-0.25,2025-01-25,0.42602239291008576
133,India,Electronics,0.5896159463517988,0.0,2025-04-26,0.6595118640160598
134,Canada,Fashion,-0.398802789377327,0.75,2025-02-17,0.1896321530683793
135,UK,Electronics,-0.8544833686462467,-0.5,2025-08-14,-0.5220359170239266
136,Brazil,Grocery,-0.1986094254623249,0.0,2025-09-23,0.04609212662207716
137,China,Sports,-0.6659329808898854,-0.5,2025-04-09,-0.433994704336105
138,UAE,Beauty,0.3959640425400613,-0.5,2025-01-11,0.06184464558433196
139,Canada,Fashion,-0.31446320942957645,-0.5,2025-03-26,-0.2698803512939798
140,Pakistan,Electronics,0.9675395470347438,0.5,2025-08-02,1.5785112588888073
141,Brazil,Home Decor,0.28603459979840773,0.5,2025-06-22,0.8359977075602486
142,Germany,Fashion,0.655688807520622,0.5,2025-07-28,1.2387435124915553
143,China,Sports,-0.7494085944089028,0.75,2025-03-05,-0.24693033992783306
144,Germany,Books,0.7362022504268404,0.0,2025-09-15,0.7735895572325513
145,USA,Fashion,0.8598728735112006,0.0,2025-05-01,0.8698336060141325
146,USA,Books,-0.027379507539135622,-0.25,2025-10-25,0.02175896724948846
147,China,Sports,0.21535391767634182,0.5,2025-02-23,0.758989661608998
148,China,Electronics,0.5382305144714375,-0.25,2025-09-29,0.3738982041488036
149,Pakistan,Sports,-0.6632176578281528,-0.75,2025-08-29,-0.49135052236249366
150,China,Fashion,0.004175837738876493,-0.25,2025-08-31,0.04140479171135748
151,India,Home Decor,-0.20741365478369977,0.75,2025-01-18,0.4279434318079217
152,Germany,Toys,-0.7211856910702898,1.0,2025-07-06,-0.1621869106812965
153,Canada,Fashion,-0.27081233414930156,-0.5,2025-05-24,-0.24949812858794043
154,Australia,Sports,-0.8804435027667495,0.5,2025-09-19,-0.4349039960810807
155,China,Toys,-0.9667167218645217,1.0,2025-08-27,-0.5061297149498449
156,UAE,Sports,-0.744019089543949,-0.25,2025-10-31,-0.42440872023590365
157,USA,Home Decor,0.9420731080163742,-0.5,2025-10-25,0.31684334888307597
158,India,Sports,0.09982926377717888,0.0,2025-03-17,0.27834572937044344
159,Brazil,Electronics,0.9475860366568611,-1.0,2025-07-07,-0.2992594395048843
160,Australia,Beauty,-0.13850204677761088,-0.5,2025-09-03,-0.18771751763353628
161,Canada,Books,-0.3842799251229095,0.75,2025-05-10,0.20771553256000838
162,Australia,Books,0.011457840495340738,0.75,2025-10-10,0.700474816780915
163,China,Fashion,-0.12422603007425993,-0.25,2025-03-20,-0.03853604029058919
164,Pakistan,Beauty,-0.804126468228663,-0.75,2025-03-13,-0.5352142438630811
165,USA,Sports,0.28574661098883003,0.75,2025-09-20,1.0420099189641756
166,USA,Home Decor,-0.5793306317240243,0.75,2025-07-10,-0.03515501183039794
167,Brazil,Fashion,0.24250714829366624,-0.25,2025-03-04,0.1897858361802062
168,Pakistan,Sports,0.3048361549379796,-0.5,2025-01-12,0.019293633997265646
169,Germany,Toys,-0.7097072799456935,-0.75,2025-05-21,-0.5058223487261911
170,UK,Grocery,-0.8943492481435006,1.0,2025-09-11,-0.40475649231104194
171,India,Sports,0.570732108695205,-1.0,2025-02-12,-0.3579151605188086
172,USA,Beauty,-0.08292020652911772,0.5,2025-01-17,0.4340139147250833
173,UAE,Fashion,-0.9008495669882541,0.0,2025-03-04,-0.5004114224972865
174,USA,Beauty,1.0067471663958198,0.75,2025-09-10,1.939775430552843
175,Australia,Fashion,-0.901631250899965,-0.25,2025-10-19,-0.5225353871373639
176,USA,Sports,0.39612860757410573,0.5,2025-01-08,0.9559473763411254
177,USA,Electronics,0.9839549091806719,0.0,2025-03-31,0.9663978279453528
178,UK,Toys,-0.5322238907288174,0.0,2025-07-27,-0.2135362804204514
179,UK,Sports,-0.7296196490650648,1.0,2025-10-19,-0.17400129990298754
180,Canada,Books,-0.7720774278485177,1.0,2025-10-11,-0.23347666417998864
181,Germany,Beauty,-0.4016826774731038,1.0,2025-04-28,0.285376731736523
182,UAE,Grocery,-0.8135066751691933,0.25,2025-06-24,-0.3972068094425466
183,USA,Grocery,0.39028654886552977,0.25,2025-03-17,0.7269851535710511
184,USA,Home Decor,-0.8924567502519901,0.0,2025-04-11,-0.49387989024464435
185,India,Fashion,0.018122724374138723,1.0,2025-05-31,0.873445159142064
186,UK,Beauty,1.0104498796618189,0.75,2025-09-27,1.9443859239076493
187,UAE,Home Decor,0.6383683376874498,0.5,2025-03-12,1.2198725070518137
188,Brazil,Beauty,0.23357949519675794,0.5,2025-06-29,0.778846800349629
189,Canada,Books,-0.3955937712134614,0.25,2025-05-04,-0.006928546958195024
190,Germany,Fashion,0.25127023635653006,0.0,2025-10-20,0.39620146575267906
191,Pakistan,Sports,0.05403904305432699,-0.25,2025-10-12,0.07244878030038637
192,Germany,Sports,-0.15158496698414003,-0.5,2025-07-14,-0.19382642132865457
193,Australia,Grocery,-0.7531113076749018,-0.5,2025-08-16,-0.47470151858124876
194,USA,Sports,0.7862711620348466,0.25,2025-10-02,1.0967851414044714
195,Canada,Sports,-0.10332627075062228,-0.25,2025-04-16,-0.025524203489247065
196,Australia,Books,-0.622940365745788,0.25,2025-01-21,-0.21924176594702421
197,UAE,Electronics,-0.27035978030567953,-0.5,2025-03-05,-0.24928681430917846
198,Pakistan,Grocery,-0.1759405920227099,-0.25,2025-06-14,-0.07073265221831969
199,UK,Home Decor,0.6659741221483965,1.0,2025-01-27,1.780963144868745
200,Canada,Toys,0.4747084113303025,0.0,2025-10-12,0.5700875033217965
201,Canada,Electronics,0.5474050151194124,0.5,2025-05-28,1.120766110312457
202,USA,Home Decor,-0.9968321230946453,-0.75,2025-10-08,-0.5952018851795051
203,China,Fashion,-0.17178532491308907,0.0,2025-06-13,0.06696741597856117
204,Canada,Electronics,-0.03902248369777625,1.0,2025-08-12,0.7933954682692399
205,India,Books,-0.9802110546561618,-0.5,2025-09-29,-0.5807428657417932
206,Pakistan,Home Decor,-0.49017752453047525,1.0,2025-05-26,0.16141209165916925
207,Pakistan,Fashion,0.5290148725649516,0.25,2025-01-30,0.8565400168411076
208,India,Grocery,-0.7400695287268836,-0.25,2025-02-14,-0.4219497904466736
209,Brazil,Toys,0.07086581778536614,0.5,2025-10-02,0.6015669273943347
210,India,Fashion,-0.5810585645814905,0.75,2025-02-03,-0.03730657539597421
211,India,Sports,-0.9946104951350461,0.25,2025-05-21,-0.5663350740080236
212,Pakistan,Beauty,-0.5281097648777076,0.0,2025-08-09,-0.21033454892405815
213,Germany,Fashion,0.968074383395388,0.25,2025-01-22,1.2665665591952129
214,Pakistan,Fashion,0.6130253224446135,0.0,2025-06-29,0.6777297162305375
215,China,Toys,0.9348733877769321,0.75,2025-08-19,1.8502806317656588
216,USA,Beauty,-0.025774998457202748,-1.0,2025-02-07,-0.45075897045122004
217,Australia,Sports,-0.7958159340094213,0.5,2025-03-11,-0.3427005324479479
218,Germany,Home Decor,0.09662024561331335,-0.75,2025-04-26,-0.254819406334946
219,UK,Home Decor,-0.09394606381009198,1.0,2025-08-27,0.7164578604109103
220,Australia,Fashion,0.7002447904881409,-1.0,2025-05-28,-0.3377570590175167
221,USA,Books,-0.8195544401703246,0.25,2025-01-09,-0.4028546638021843
222,China,Books,-0.024993314545491897,1.0,2025-10-15,0.8130476961941017
223,China,Beauty,-0.7137391232797811,-1.0,2025-02-19,-0.5578376786165959
224,UK,Beauty,-0.3581140847098512,-0.25,2025-01-05,-0.18415078874655416
225,Germany,Sports,0.48231954415485573,-0.25,2025-05-06,0.33908897932001625
226,Brazil,Toys,-0.049883775944706145,1.0,2025-03-16,0.7781808401983793
227,India,Grocery,-0.2538209943842182,0.0,2025-06-14,0.003124889940479736
228,Germany,Home Decor,-0.215929895295497,0.0,2025-10-05,0.03261283702226161
229,Brazil,Toys,-0.08361960792380634,0.25,2025-10-27,0.28441621228760505
230,China,Electronics,0.5793717729825354,-1.0,2025-10-17,-0.3565704332903235
231,Pakistan,Home Decor,0.7974204430913541,-1.0,2025-03-18,-0.32263207942855504
232,USA,Toys,0.9262337234896014,1.0,2025-10-25,2.1455379069000515
233,UK,Home Decor,0.5832390512825786,-0.5,2025-05-17,0.14929033621382437
234,USA,Grocery,-0.37695678110793407,-0.25,2025-04-16,-0.19588193294933906
235,UAE,Electronics,0.38209943842182126,-1.0,2025-04-05,-0.38727503834073473
236,UAE,Books,-0.12813444963281417,1.0,2025-05-15,0.66856636068786
237,Germany,Books,-0.5006685454508053,0.75,2025-03-09,0.06279235810726437
238,China,Grocery,0.6931273527657211,-0.75,2025-05-27,-0.06913178647012307
239,China,Sports,-0.9410445765535966,0.75,2025-06-08,-0.48554898489102916
240,India,Electronics,0.81712710591817,0.5,2025-06-12,1.4146338339774152
241,India,Fashion,-0.07950548207269655,0.25,2025-07-08,0.28825829008327697
242,India,Toys,0.27834118445683265,-1.0,2025-04-05,-0.4034245720085422
243,Pakistan,Electronics,0.3234731450435068,0.5,2025-06-30,0.8767877668242985
244,Australia,Sports,0.8035916318680187,0.5,2025-10-15,1.3998866587050276
245,Canada,Sports,0.2772715117355439,1.0,2025-07-06,1.2364638796661234
246,Australia,Grocery,0.2309875959105588,-1.0,2025-05-18,-0.41079495791323956
247,USA,Home Decor,-0.883570238413593,-0.75,2025-05-10,-0.5599444179412226
248,Australia,Electronics,0.03643058441157722,1.0,2025-07-13,0.8990910284281738
249,Pakistan,Toys,-0.7134922757287145,1.0,2025-09-30,-0.1514098824644368
250,USA,Electronics,0.48248410918889995,0.25,2025-05-24,0.8130861169720583
251,Australia,Beauty,0.02384135930718127,0.25,2025-01-16,0.3847712843105551
252,Pakistan,Home Decor,0.36597206508547087,-0.25,2025-10-29,0.2666530059456153
253,Canada,Toys,-0.9344208339333099,-0.25,2025-09-02,-0.5429496271583674
254,Australia,Books,-0.846625388270627,0.0,2025-04-17,-0.45821260137482356
255,Pakistan,Toys,0.43949149404480276,-0.5,2025-03-29,0.08216923712343631
256,India,Fashion,-0.8725032398741076,-1.0,2025-05-09,-0.5825486423057591
257,China,Grocery,-0.8741900314730626,-1.0,2025-01-04,-0.5828111842884632
258,India,Fashion,-0.9946516363935571,0.5,2025-04-05,-0.5593360889569079
259,China,Toys,0.9286199164832453,-1.0,2025-07-28,-0.30221143594455885
260,UK,Home Decor,0.48264867422294444,-1.0,2025-08-13,-0.3716249747863646
261,UK,Electronics,-0.2998992039166477,-0.5,2025-02-16,-0.26307987359564056
262,UK,Books,-0.41538271655729947,-0.25,2025-06-30,-0.21980527069038944
263,Canada,Electronics,-0.307140065414601,-0.25,2025-04-16,-0.1524152261543043
264,India,Home Decor,0.5582663073663422,-0.75,2025-07-18,-0.1111128898508314
265,China,Toys,0.32758727089461664,-1.0,2025-04-16,-0.3957596268061768
266,Pakistan,Sports,-0.6421533334704707,-0.5,2025-10-07,-0.42289109950661324
267,USA,Electronics,-0.6647398843930634,-0.25,2025-09-17,-0.3750508274875053
268,Pakistan,Sports,-0.8188961800341471,-0.5,2025-04-18,-0.5054189305576456
269,USA,Electronics,0.32540678419352853,0.75,2025-01-19,1.0913934255645454
270,UAE,Electronics,0.5373254067841935,-1.0,2025-10-23,-0.36311477246895124
271,Pakistan,Books,-0.47952193857610104,-0.75,2025-06-20,-0.4341675978369103
272,Australia,Grocery,-0.9766317651656963,0.5,2025-07-14,-0.5397030714210245
273,Australia,Grocery,-0.8519737518770697,-0.25,2025-01-12,-0.49161946780819066
274,Germany,Beauty,0.951741303766482,0.75,2025-07-14,1.8712839903819984
275,India,Fashion,-0.4176043445168987,-0.5,2025-10-10,-0.3180407964627271
276,USA,Home Decor,0.547240450085368,0.25,2025-07-01,0.873560421475934
277,USA,Home Decor,0.25283360417995177,1.0,2025-11-01,1.2022309665066868
278,India,Home Decor,-0.2414786168308888,-1.0,2025-05-24,-0.48433232692239975
279,Canada,Beauty,-0.6003949560817065,-1.0,2025-07-01,-0.5401961380714692
280,Germany,Grocery,-0.7720774278485177,0.75,2025-01-30,-0.2751568048000359
281,Canada,Toys,0.23316808261164712,-0.5,2025-03-25,-0.014170863603036592
282,Canada,Sports,0.5582251661078312,0.0,2025-06-15,0.6350826526985793
283,Canada,Books,0.29200008228251706,-1.0,2025-10-11,-0.4012986222949371
284,India,Sports,0.0606627856746138,0.0,2025-10-08,0.24786524552477976
285,Canada,Toys,-0.9338448563141545,0.25,2025-04-06,-0.5095875849659497
286,Australia,Books,0.953016682780326,0.75,2025-09-23,1.8728720492042095
287,UK,Beauty,0.6072655462530598,-0.5,2025-10-25,0.1605092033771863
288,UAE,Toys,-0.42295270812334146,-0.5,2025-10-23,-0.3205381470299138
289,USA,Home Decor,0.9764260588731407,1.0,2025-08-13,2.2158479305608476
290,USA,Fashion,0.2064262645794335,-0.25,2025-02-11,0.1673224880015112
291,UAE,Electronics,0.1668072326332463,-0.25,2025-10-30,0.14265634855329762
292,India,Sports,0.5041655524242487,0.5,2025-09-03,1.0736558330745267
293,Pakistan,Grocery,0.6338839405097401,-0.75,2025-07-27,-0.08757375988934822
294,India,Grocery,0.31763108633493087,0.75,2025-08-25,1.081711389519452
295,USA,Beauty,-0.7584185300228333,0.25,2025-01-22,-0.34576138775849985
296,USA,Books,-0.33042601773188235,-0.5,2025-07-04,-0.27733398221758326
297,UAE,Grocery,0.8707341657581303,1.0,2025-08-30,2.067793462704631
298,Canada,Home Decor,-0.5618867381153189,0.0,2025-10-10,-0.23662076450944677
299,India,Sports,-0.26139098595026017,0.75,2025-02-10,0.3607326842356346
300,China,Toys,-0.13936601320634398,0.5,2025-06-11,0.3725150561423618
301,UAE,Home Decor,-0.12443173636681547,0.75,2025-06-09,0.5312697106595246
302,Australia,Beauty,0.2289716742435152,0.5,2025-03-30,0.7738264853632844
303,USA,Home Decor,0.901260979573365,-0.5,2025-01-12,0.29778664301654334
304,UAE,Toys,-0.529138296340485,-0.75,2025-03-14,-0.4496127505755113
305,India,Fashion,-0.7718717215559624,0.5,2025-03-17,-0.3166128242153357
306,USA,Beauty,-0.6171394482957233,-0.5,2025-07-20,-0.41121118300777065
307,Pakistan,Fashion,0.786929422171024,-0.5,2025-01-10,0.2444009720456822
308,UAE,Electronics,0.2959085018410713,-0.75,2025-08-14,-0.19278265686083038
309,Germany,Fashion,-0.43706415979264795,-0.25,2025-06-25,-0.23330377067918331
310,USA,Electronics,0.6423590397630262,0.75,2025-10-03,1.4860516567359627
311,India,Electronics,0.7348857301544853,-1.0,2025-02-08,-0.3323653431775905
312,UK,Fashion,0.7046057638903173,-1.0,2025-03-01,-0.3370782919402814
313,China,Beauty,0.8520971756526031,0.0,2025-03-07,0.8637823334859491
314,Brazil,Books,-0.5056054964721369,0.0,2025-05-04,-0.19282107763878714
315,Canada,Toys,0.5183592866105774,-1.0,2025-06-13,-0.36606676890862583
316,Brazil,Home Decor,-0.08139797996420708,0.25,2025-06-08,0.2864909342972679
317,India,Home Decor,0.6954312632423426,-1.0,2025-02-26,-0.33850626418767277
318,Australia,Toys,0.4642585316684838,0.0,2025-03-19,0.5619551053209575
319,Australia,Sports,0.5619278793738299,1.0,2025-07-13,1.6352139236899315
320,UK,Sports,0.31697282619875344,0.0,2025-10-12,0.4473331177500792
321,Canada,Electronics,-0.6579515767387324,0.25,2025-01-15,-0.2519378479881921
322,Germany,Electronics,0.09065476312920422,0.75,2025-01-12,0.7990881468698273
323,UK,Beauty,0.9859708308477156,-1.0,2025-04-11,-0.29328500853261447
324,Brazil,Grocery,0.8897002859317465,-0.75,2025-06-05,-0.007940294111055317
325,UK,Fashion,-0.9313763808034886,1.0,2025-05-05,-0.4566245425526125
326,Brazil,Electronics,-0.6836648633081686,-0.5,2025-10-07,-0.44227438198577795
327,USA,Home Decor,-0.7510131034908357,0.25,2025-04-20,-0.33884564772629044
328,Australia,Beauty,0.4591570156131076,0.0,2025-05-26,0.5579849582654299
329,USA,Fashion,0.6461028942875362,-0.75,2025-08-04,-0.08377010287163301
330,China,Beauty,-0.5844732890379116,0.5,2025-06-11,-0.11243840669033815
331,Canada,Fashion,0.010881862876185424,-0.25,2025-05-08,0.04557984958265427
332,Germany,Fashion,0.6927982226976321,-1.0,2025-05-30,-0.3389160858192111
333,Brazil,Toys,0.47306276098985867,-0.25,2025-02-05,0.3333258626265084
334,Germany,Electronics,0.08497726945467272,0.25,2025-06-22,0.44186456035423954
335,Brazil,Books,0.1829346059695967,0.5,2025-01-22,0.7236681597407878
336,India,Beauty,0.015983378931561477,0.5,2025-07-25,0.5417713899676945
337,UK,Books,-0.41332565363174456,0.5,2025-05-07,0.07403043565960465
338,China,Beauty,0.131384609055191,-0.5,2025-08-05,-0.06169736593549793
339,Australia,Toys,0.38362166498673195,0.25,2025-04-06,0.7207609875420627
340,Brazil,Home Decor,0.7592002139345443,0.75,2025-06-13,1.631538335932072
341,Germany,Books,0.276489827823833,-0.25,2025-05-28,0.21094287790837274
342,China,Home Decor,0.5307428054224178,0.75,2025-01-18,1.3470708959405246
343,Pakistan,Sports,-0.6932919177997654,-0.75,2025-10-21,-0.5007123852579476
344,Pakistan,Electronics,-0.07934091703865219,1.0,2025-07-14,0.7369169246728631
345,USA,Electronics,-1.0002879888095775,1.0,2025-05-31,-0.553156747168869
346,Australia,Grocery,-0.5169193425626889,0.75,2025-05-03,0.04255741505005902
347,India,Toys,0.46014440581737404,-1.0,2025-07-06,-0.3751276690434187
348,Germany,Home Decor,1.000534836360644,-0.75,2025-05-29,0.026561564494078337
349,UK,Fashion,-0.8173328122107254,0.25,2025-04-14,-0.40077994179252147
350,UK,Beauty,-0.20165387859214606,0.0,2025-08-31,0.0437228453147462
351,Germany,Electronics,0.6100631518318146,1.0,2025-08-19,1.7026423890039735
352,Canada,Books,-0.6037685392796165,0.0,2025-07-25,-0.26921439114273005
353,India,Beauty,0.11114310986773078,-0.75,2025-07-17,-0.25029856146203877
354,China,Beauty,0.47359759735050294,-0.25,2025-03-28,0.3336588427021333
355,Brazil,Grocery,0.2351428630201799,1.0,2025-05-22,1.177449564724603
356,Canada,Home Decor,-0.6363935572789171,-1.0,2025-07-18,-0.5457991681901573
357,Brazil,Electronics,-0.2955382305144714,-1.0,2025-02-15,-0.49274647729492116
358,Brazil,Beauty,0.5769032974718697,0.5,2025-10-15,1.1529050910732526
359,Canada,Electronics,0.10937403575175356,-0.5,2025-01-15,-0.07197492403892031
360,USA,Fashion,-1.0086396642873303,-0.75,2025-02-13,-0.5988774729373646
361,Pakistan,Grocery,0.5304548166128401,1.0,2025-06-18,1.5911260809845964
362,Brazil,Fashion,-0.9473803303643058,-0.5,2025-02-13,-0.5654129753370623
363,Canada,Electronics,0.4993931664369612,-0.75,2025-04-08,-0.12943960093618637
364,Canada,Sports,-0.606936416184971,0.75,2025-09-18,-0.06952880117567584
365,UAE,Books,0.9318289346471108,0.25,2025-04-19,1.2327178538153434
366,USA,Electronics,-0.26998950897907964,0.25,2025-10-10,0.11037008814366803
367,Australia,Home Decor,-0.3535062637566082,0.5,2025-04-14,0.13920488200018563
368,UAE,Beauty,-0.7160841750149136,0.5,2025-09-13,-0.2558311534878063
369,UAE,Beauty,-0.39695143274432754,0.25,2025-07-25,-0.008196432630766762
370,Germany,Fashion,0.7659885215888753,-0.25,2025-02-12,0.5156964886610679
371,Pakistan,Books,1.00975047826713,1.0,2025-09-02,2.262529175778261
372,Canada,Grocery,-0.26924896632587986,0.25,2025-10-14,0.11106166214688892
373,Pakistan,Sports,-0.10571246374426589,-0.25,2025-09-30,-0.027009806903573495
374,India,Toys,0.45121675272046574,-0.5,2025-03-24,0.08764419798226875
375,Germany,Books,0.7854483368646247,-0.25,2025-04-20,0.52781184064342
376,Australia,Beauty,0.18844753461008373,-0.5,2025-07-09,-0.03505255642251338
377,Pakistan,Home Decor,-0.2219365190381173,-0.75,2025-10-15,-0.35398343424123774
378,UK,Books,-0.1789850451525312,0.0,2025-09-08,0.06136438585987297
379,Brazil,Fashion,0.39732170407092743,-0.75,2025-07-31,-0.16121358430639296
380,India,Fashion,-1.0127537901384402,0.25,2025-10-18,-0.5832786370869367
381,USA,Toys,0.24250714829366624,-0.5,2025-05-13,-0.00981010530494895
382,Australia,Home Decor,-0.2953325242219159,0.25,2025-07-20,0.08670288892232911
383,India,Grocery,0.598091045605085,1.0,2025-10-12,1.6858717194258654
384,Brazil,Books,-0.8299220373151214,-1.0,2025-04-05,-0.575921058108225
385,Germany,Home Decor,0.17857363256742034,0.25,2025-10-05,0.5292718302057753
386,Brazil,Grocery,-0.0398041676094871,1.0,2025-08-07,0.7923004760974733
387,UAE,Home Decor,0.28879106411865135,-0.25,2025-03-30,0.21860141964774543
388,Brazil,Home Decor,-0.8872318104210807,-0.75,2025-03-13,-0.5610842343539386
389,UAE,Electronics,0.16182914035340332,-0.25,2025-09-04,0.13955707246478885
390,Germany,Fashion,0.12414374755723781,-1.0,2025-05-09,-0.42742475130550606
391,China,Books,0.12249809721679375,-0.5,2025-07-31,-0.0658468099548236
392,UAE,Home Decor,0.2097175652603214,1.0,2025-04-06,1.1418335035587246
393,USA,Books,0.35831979100240685,0.0,2025-03-16,0.47951051928883137
394,Brazil,Toys,0.6200604776500114,0.25,2025-02-23,0.9415651984593268
395,Brazil,Home Decor,-0.4698126015674819,-0.5,2025-02-23,-0.34241878007626525
396,USA,Beauty,0.6609137473515313,0.0,2025-08-06,0.7149978708485548
397,UK,Fashion,-0.004587250323987447,0.75,2025-01-16,0.6804960122434212
398,Canada,Beauty,-0.8623824902803776,0.25,2025-04-09,-0.4428506936551288
399,China,Books,-0.9000678830765433,-0.25,2025-01-20,-0.5215620607624604
400,Australia,Books,-0.33861312817559086,-0.75,2025-02-15,-0.39030387633632274
401,UAE,Fashion,0.5791249254314689,1.0,2025-07-12,1.6593037514687943
402,USA,Books,0.42188303540205296,-1.0,2025-02-27,-0.3810828896267102
403,Germany,Beauty,0.586694916997511,-1.0,2025-04-21,-0.35543061687760746
404,UAE,Home Decor,0.034126673934955734,-0.25,2025-05-09,0.060051675946351774
405,Canada,Home Decor,-0.12282722728488259,0.5,2025-07-13,0.39053440100406295
406,Germany,Electronics,-0.7190052043692016,-1.0,2025-01-08,-0.5586573218796725
407,India,Toys,-0.3509143644704091,1.0,2025-01-29,0.35649359173441
408,Brazil,Books,-0.13541645238927855,-0.25,2025-04-22,-0.0455030080267409
409,India,Beauty,-0.8388496904120295,-0.5,2025-06-10,-0.5147359692121499
410,UAE,Books,-0.5700327073005163,-1.0,2025-05-11,-0.5354703823827927
411,Canada,Books,0.1989796967889248,-0.25,2025-07-07,0.16268638079473377
412,China,Grocery,0.47886367843992333,1.0,2025-06-12,1.518856597648008
413,UAE,Electronics,1.013823462859729,0.25,2025-07-16,1.3092904642830843
414,USA,Beauty,0.8809783391273938,0.25,2025-07-23,1.1852297722608387
415,Pakistan,Beauty,0.2892847592207845,-1.0,2025-07-31,-0.40172125085246113
416,UAE,Books,-0.16141772776829236,-0.75,2025-04-19,-0.3351444461164599
417,Brazil,Electronics,0.27628412153127774,0.25,2025-10-03,0.6205211778529829
418,Brazil,Home Decor,0.5806882932548906,-0.75,2025-03-14,-0.10413311518869413
419,UAE,Beauty,-0.7782897578836936,-0.5,2025-06-16,-0.4864582766360048
420,Germany,Home Decor,-0.18453911505152937,-0.25,2025-09-17,-0.07608594728028921
421,Pakistan,Electronics,0.6909468660646328,0.0,2025-08-31,0.7383705107722256
422,USA,Home Decor,-0.23761133853084562,1.0,2025-10-02,0.515209825473616
423,UAE,Fashion,0.14533149569045312,-0.25,2025-04-12,0.12928591782435933
424,Germany,Grocery,0.17770966613868713,1.0,2025-06-22,1.0969964556832337
425,Brazil,Sports,-0.6435932775183593,-0.5,2025-06-20,-0.4235634631208558
426,Brazil,Beauty,-0.2815913438792092,0.75,2025-05-21,0.3355798815999692
427,Canada,Toys,-0.33807829181494653,-1.0,2025-07-07,-0.49936765802946237
428,UAE,Grocery,-0.9659350379528109,1.0,2025-03-27,-0.5050347227780785
429,Pakistan,Sports,-0.9700491638039206,1.0,2025-02-21,-0.5107978394715863
430,UK,Home Decor,0.6744492214016826,-0.75,2025-04-21,-0.07494613086757324
431,Pakistan,Beauty,-0.4631888589471952,-0.25,2025-02-12,-0.24956856668086108
432,Brazil,Home Decor,0.03577232427539955,0.75,2025-07-30,0.7307503898108096
433,Brazil,Fashion,-0.41093946063810083,0.5,2025-07-19,0.07663024163467594
434,India,Electronics,0.8964063110690554,-1.0,2025-10-25,-0.3072253474679107
435,Brazil,Beauty,-0.49124719725176386,0.0,2025-08-28,-0.18164703471637467
436,USA,Sports,-0.14430296422767566,0.5,2025-04-25,0.3671361472284211
437,Australia,Sports,0.7580071174377223,-0.25,2025-01-26,0.5107274013786656
438,UAE,Fashion,0.6953078394668092,-1.0,2025-10-26,-0.3385254745766511
439,Pakistan,Fashion,-0.6403019768374714,1.0,2025-03-18,-0.04888403648693215
440,Australia,Books,0.6152880916627239,0.0,2025-05-17,0.6794906685535537
441,Germany,Beauty,-0.08621150721000548,-0.75,2025-01-20,-0.31173338541483236
442,UK,Home Decor,-0.03573118301688849,0.75,2025-07-30,0.6417166403591061
443,USA,Toys,-0.7474749552588813,-0.75,2025-08-28,-0.5175791067809472
444,Pakistan,Sports,-0.8551416287824243,-0.5,2025-02-08,-0.5223432832475803
445,Australia,Sports,0.463147717688684,-1.0,2025-09-25,-0.3746602162449454
446,UK,Fashion,-0.0082488223314751,-0.75,2025-07-26,-0.28746426067217157
447,India,Grocery,-0.1296566761977248,0.5,2025-09-24,0.3830935770064451
448,USA,Fashion,0.4663567358525498,-0.75,2025-06-03,-0.13972356250260143
449,USA,Toys,0.539670458519326,0.25,2025-02-11,0.8664909983318978
450,India,Home Decor,-0.6956781107934091,-0.5,2025-01-11,-0.44788381556745893
451,UAE,Home Decor,0.2234176043445169,-0.25,2025-10-21,0.17790100886559448
452,India,Grocery,-0.7436488182173492,0.75,2025-04-08,-0.23975846137591214
453,USA,Sports,0.5108715775615577,-0.5,2025-10-02,0.11549926200089002
454,USA,Fashion,0.3185773352806862,0.25,2025-08-18,0.66001773759249
455,Australia,Books,0.9288256227758006,-1.0,2025-08-08,-0.30217941862959496
456,Brazil,Home Decor,-0.8788801349433278,0.5,2025-03-06,-0.4332006749249994
457,UK,Toys,-0.9031123362063644,0.75,2025-08-20,-0.4383170418562359
458,India,Beauty,-0.44463415135868994,0.75,2025-02-21,0.13256449087666608
459,UK,Electronics,-0.48635138748894324,-0.5,2025-09-20,-0.3501413564455658
460,India,Electronics,-0.5163433649435335,-1.0,2025-09-24,-0.5271138631772063
461,Germany,Electronics,0.8263016065661449,1.0,2025-06-03,2.005551802414746
462,USA,Books,-0.511077283854113,0.25,2025-05-20,-0.11477567068270529
463,Brazil,Sports,-0.4654516281653055,1.0,2025-02-20,0.19604842298715136
464,Australia,Fashion,0.5272046571904633,0.5,2025-04-27,1.0987574080062499
465,Brazil,Grocery,-0.1034085532676444,-1.0,2025-02-15,-0.4628423051186082
466,Brazil,Books,0.5624627157344744,-1.0,2025-03-29,-0.3592022565803587
467,Brazil,Books,-0.886162137699792,0.25,2025-07-27,-0.46505790331411234
468,UK,Home Decor,-0.02635097607635818,0.0,2025-09-26,0.18014862437606252
469,India,Beauty,-0.950836196079238,1.0,2025-03-30,-0.48388408451290466
470,China,Books,-0.8917162075987903,-0.75,2025-04-28,-0.5624801892863661
471,Germany,Toys,0.8266718778927447,0.75,2025-02-23,1.715551770397431
472,Pakistan,Beauty,-0.7357085553247072,0.0,2025-04-26,-0.3718939202320616
473,Brazil,Toys,0.06498261781827912,-0.75,2025-04-28,-0.26466793241785164
474,UAE,Sports,-0.18211178079937457,0.25,2025-09-17,0.19243686985921984
475,UK,Fashion,-0.3119535926603994,0.75,2025-03-16,0.29777383609055774
476,Australia,Electronics,0.8132186863596157,-0.25,2025-11-01,0.5451011907239435
477,Pakistan,Books,-0.974862691049719,-0.75,2025-01-07,-0.5883629867032092
478,China,Fashion,0.3325242219159483,0.0,2025-05-02,0.45943566280644577
479,UAE,Sports,0.9426490856355295,-0.75,2025-01-11,0.008542219632377137
480,China,Grocery,0.12146956575401631,-0.75,2025-08-03,-0.24708402303965993
481,Pakistan,Grocery,0.8885483306934359,0.25,2025-10-06,1.192299195404875
482,Brazil,Sports,-0.9128628144734946,1.0,2025-01-28,-0.43069051743182724
483,UAE,Toys,-0.16643696130664629,-0.25,2025-08-23,-0.06481585241298496
484,China,Home Decor,-0.48947812313578665,0.25,2025-01-26,-0.09460476225542781
485,Australia,Home Decor,0.46903091765577104,0.5,2025-02-23,1.035375931303649
486,India,Toys,0.9791002406763623,0.25,2025-01-29,1.2768633276876136
487,USA,Grocery,-0.4968835496677843,0.75,2025-06-13,0.06750530686995518
488,India,Grocery,0.31294098286466576,-0.25,2025-09-27,0.23363675075480814
489,Pakistan,Books,-0.6158640692818792,-1.0,2025-02-04,-0.5426038401567569
490,UK,Grocery,0.13200172793285736,0.5,2025-10-13,0.6681757494453
491,USA,Fashion,-0.07448624853434262,-0.5,2025-09-30,-0.15782615238320885
492,Germany,Grocery,0.9601752617612571,0.25,2025-07-27,1.2591897698275227
493,Australia,Beauty,0.2199617386295848,-0.75,2025-08-26,-0.2164242422301981
494,Germany,Books,-0.3075103367412009,1.0,2025-04-03,0.4172944728509177
495,UAE,Electronics,-0.7869294221710241,-1.0,2025-06-22,-0.5692294392807631
496,USA,Grocery,-0.7112706477691152,0.25,2025-03-20,-0.3017311762200999
497,Germany,Toys,-0.5604467940674305,0.25,2025-04-20,-0.16088060423076808
498,Germany,Electronics,-0.5081973957583362,0.0,2025-08-05,-0.19483816848151486
499,China,Fashion,0.7129574393680702,0.0,2025-04-16,0.7554997742779295
500,India,Toys,0.12365005245510462,-1.0,2025-02-16,-0.42750159286141953
501,China,Electronics,0.04659247526381827,0.0,2025-06-30,0.2369153238071149
502,USA,Toys,-0.7855717606401579,-0.75,2025-03-05,-0.5294383202435878
503,USA,Fashion,0.7323761133853083,0.5,2025-09-03,1.3222958976214336
504,Pakistan,Books,0.4526978380268653,-0.5,2025-09-01,0.08833577198548964
505,China,Beauty,-0.8814720342295269,-0.25,2025-03-28,-0.5099845996715024
506,Canada,Fashion,0.4222121654701417,-0.5,2025-08-05,0.07410087375252539
507,India,Fashion,0.08761030999938293,-0.5,2025-01-07,-0.08213721980847248
508,USA,Toys,-0.852878859564314,-0.25,2025-10-05,-0.49218297255155596
509,Pakistan,Books,-0.08596465965893889,0.0,2025-07-29,0.13375553499332432
510,China,Sports,-0.032234176043445195,-1.0,2025-06-18,-0.4517643141410876
511,India,Home Decor,-0.6816900828996358,-0.25,2025-05-18,-0.38560373449961743
512,China,Grocery,0.9066093431798078,0.75,2025-08-18,1.8150871991573043
513,Germany,Grocery,0.7116820603542262,0.5,2025-06-10,1.2997493044238322
514,Pakistan,Beauty,0.3431798078703228,1.0,2025-01-01,1.3287890090961192
515,India,Beauty,-0.07781869047374156,0.0,2025-08-24,0.14009496335618302
516,Brazil,Grocery,-0.1807541192685084,-0.25,2025-07-07,-0.07372947289894381
517,UAE,Home Decor,0.3063995227614013,0.75,2025-01-04,1.0677262263432066
518,UAE,Grocery,0.09147758829942612,1.0,2025-05-12,0.9762015297873089
519,India,Sports,-0.8924567502519901,0.5,2025-08-06,-0.44799267443833635
520,China,Home Decor,0.02441733692633658,0.5,2025-09-17,0.5509603593623431
521,Pakistan,Beauty,0.6229403657457881,0.0,2025-01-01,0.6854458891368451
522,UAE,Electronics,-0.08407216176742846,-0.25,2025-03-12,-0.013536920766750723
523,Pakistan,Toys,-0.9134799333511611,-1.0,2025-06-27,-0.5889264914465744
524,UAE,Sports,0.5819636722687346,0.5,2025-07-08,1.1584184727100415
525,Germany,Sports,-0.6091991854030814,-1.0,2025-10-18,-0.5415664791519254
526,China,Books,-0.49260485878263005,-1.0,2025-01-08,-0.5234190650303685
527,Germany,Beauty,-0.683870569600724,0.0,2025-09-10,-0.3315521033775066
528,UAE,Beauty,-0.34680023861929926,1.0,2025-10-19,0.36225670842791785
529,Brazil,Fashion,0.5218151523255095,0.25,2025-09-01,0.8498163806986818
530,Brazil,Sports,0.03844650607862105,-0.5,2025-05-03,-0.1050936346376121
531,Germany,Fashion,-0.6020406064221503,-0.5,2025-10-26,-0.40416097025271275
532,Brazil,Fashion,0.76841585584103,0.5,2025-10-10,1.3615619326932005
533,UAE,Toys,0.7719540040729844,0.25,2025-02-01,1.0834147106755334
534,India,Fashion,0.753646144035546,1.0,2025-05-26,1.9037751616073972
535,Germany,Home Decor,-0.5330055746405282,0.25,2025-06-05,-0.13525394533363644
536,UK,Grocery,-0.10036410013782313,0.0,2025-01-16,0.12254947475594795
537,China,Electronics,0.9866290909838931,0.5,2025-02-16,1.5993097066893776
538,Brazil,Beauty,0.5529179437598994,-1.0,2025-09-08,-0.36068785999468517
539,Brazil,Home Decor,-0.9639602575442782,0.5,2025-07-06,-0.5258972052085769
540,USA,Electronics,-0.8864912677678809,-0.5,2025-01-31,-0.5369815996490903
541,Canada,Sports,-0.07448624853434262,1.0,2025-09-17,0.7437174023712022
542,Germany,Sports,0.8323082303087651,0.25,2025-01-17,1.1397779919380402
543,Australia,Sports,0.07777754921523061,1.0,2025-02-08,0.9570103511979279
544,Brazil,Home Decor,-0.005492358011231596,0.0,2025-10-31,0.19638140306277624
545,China,Home Decor,-0.8044967395552629,0.5,2025-02-08,-0.35215844728829354
546,UK,Beauty,0.3182482052125975,-0.25,2025-05-12,0.23694093765908603
547,Brazil,Grocery,0.6549071236089111,0.5,2025-01-30,1.2378918519135147
548,UK,Books,-0.24456421121922114,-1.0,2025-06-07,-0.4848125866468587
549,UAE,Fashion,0.560241087774875,0.5,2025-10-05,1.1347512734887029
550,UAE,Sports,0.9448707135951289,0.75,2025-07-22,1.862728963823636
551,Canada,Toys,-0.6043445168987718,0.0,2025-03-07,-0.26966263355222514
552,India,Grocery,0.04646905148828509,-0.75,2025-04-18,-0.27043104911135946
553,Australia,Toys,-0.434554543023471,0.0,2025-09-25,-0.1375271746960757
554,USA,Beauty,0.5953345812848414,0.25,2025-08-10,0.9184743109073388
555,Canada,Beauty,0.15697447184909397,-0.75,2025-10-19,-0.23603164591411038
556,Pakistan,Beauty,0.2730339621089009,0.25,2025-01-18,0.6174859363944021
557,USA,Electronics,0.6056610371711272,0.25,2025-03-31,0.9281179261744752
558,Germany,Toys,-0.21288544216567584,-1.0,2025-06-30,-0.4798819201424131
559,China,Grocery,0.8442803365354946,-1.0,2025-09-12,-0.31533853507977117
560,Pakistan,Books,0.06621685557361211,-0.5,2025-09-10,-0.09212662207721944
561,Pakistan,Grocery,-0.6976117499434307,-0.5,2025-09-14,-0.44878670384944186
562,Canada,Home Decor,0.397897681690083,-0.25,2025-03-28,0.2865293550752247
563,India,Home Decor,0.5961574064550635,-0.75,2025-03-31,-0.09931771101811862
564,Canada,Sports,-0.37420031678769045,1.0,2025-08-25,0.32387435124915553
565,Germany,Books,0.726328348384177,0.5,2025-03-11,1.3157067342018562
566,Brazil,Home Decor,0.8260547590150783,0.5,2025-02-13,1.4243606942634577
567,Brazil,Beauty,-0.45537201983008657,0.25,2025-07-19,-0.06275393732930776
568,India,Grocery,0.9836257791125829,-0.5,2025-06-01,0.336245841751219
569,Germany,Toys,-0.7327463847119082,0.25,2025-03-27,-0.3217868223135072
570,India,Beauty,-0.6078826651307263,0.75,2025-01-19,-0.07070703836634856
571,UK,Electronics,-0.6441281138790035,0.75,2025-04-11,-0.11583864553950783
572,Brazil,Home Decor,0.8012877213913973,1.0,2025-04-05,1.970512052918218
573,Pakistan,Beauty,0.3131466891572213,-1.0,2025-09-11,-0.3980072423166449
574,Australia,Beauty,-0.709542714911649,-1.0,2025-01-30,-0.5571845253913317
575,China,Electronics,-0.122580379733816,-0.5,2025-09-06,-0.18028309709891113
576,Germany,Fashion,0.23374406023080244,-0.5,2025-02-02,-0.013901918157339512
577,USA,Grocery,-0.8493407113323596,0.75,2025-08-17,-0.37136243280366027
578,India,Toys,0.7777549215230494,-1.0,2025-01-12,-0.32569293473910693
579,China,Sports,0.6172217308127455,-0.75,2025-04-28,-0.0927605649135053
580,USA,Fashion,0.00956534260383032,-0.75,2025-06-04,-0.2819188617204184
581,China,Home Decor,0.9502602184600827,-0.5,2025-09-03,0.3206662162897695
582,Australia,Beauty,-0.16853516549071235,0.25,2025-09-04,0.2051157265849371
583,USA,Books,0.9848188756094047,-1.0,2025-01-29,-0.2934643054964125
584,Canada,Electronics,0.34091703865221235,-0.75,2025-06-10,-0.17877187983261353
585,UAE,Electronics,0.2731985271429454,-1.0,2025-08-23,-0.4042250048826405
586,Canada,Books,-0.6813198115730359,0.0,2025-07-09,-0.3295670298497428
587,Brazil,Grocery,0.7767263900602719,0.5,2025-04-27,1.3706164293650005
588,UAE,Fashion,-0.1487050788883631,0.75,2025-09-28,0.5010453653335725
589,Canada,Sports,-0.6888898031390779,-1.0,2025-09-15,-0.5539699869689529
590,UAE,Grocery,-0.9936231049307797,0.5,2025-06-29,-0.5582154829331702
591,UAE,Books,0.1206467405837944,0.0,2025-06-21,0.2945464907421934
592,Pakistan,Beauty,0.05473844444901572,-1.0,2025-10-01,-0.4382273933743369
593,India,Books,0.4456626828214674,-0.5,2025-09-16,0.08505079547019025
594,India,Grocery,0.7937177298253553,0.5,2025-05-15,1.3891288408771465
595,Pakistan,Toys,-0.8575689630345791,-1.0,2025-06-20,-0.5802241852393776
596,China,Electronics,0.4703885791866372,0.5,2025-07-29,1.0368551312549827
597,UK,Electronics,-0.63762779503425,0.0,2025-08-24,-0.29556464135804644
598,China,Home Decor,0.728385411309732,-1.0,2025-07-05,-0.33337709033045076
599,USA,Home Decor,0.6487359348322465,-1.0,2025-04-05,-0.3457741946844854
600,USA,Books,0.08201509884187358,-1.0,2025-01-11,-0.4339818974101194
601,UAE,Sports,0.42710797523296234,1.0,2025-03-09,1.4463565896436794
602,Canada,Beauty,-0.37913726780902224,-0.5,2025-07-29,-0.30007908276796097
603,Canada,Toys,-0.05975767798736965,0.0,2025-07-15,0.1541505646253494
604,India,Fashion,0.6539608746631558,1.0,2025-04-08,1.764134844123702
605,Germany,Grocery,-0.08398987925040623,0.25,2025-04-03,0.2840704252859946
606,China,Sports,-0.2906424207516507,1.0,2025-01-22,0.44092325129429993
607,Brazil,Beauty,-0.012815502026207017,0.75,2025-06-21,0.6702504714549627
608,Australia,Home Decor,0.667414066196285,0.75,2025-05-14,1.5172493284368187
609,Canada,Books,-0.3366383477670581,-1.0,2025-01-25,-0.4991435368247148
610,Australia,Grocery,-0.6654392857877522,1.0,2025-07-04,-0.08409667948426512
611,UAE,Home Decor,0.4307284059819389,0.25,2025-03-26,0.7647527783025059
612,Australia,Books,0.662806245243042,1.0,2025-02-24,1.776525545014744
613,Brazil,Grocery,-0.8143295003394153,-0.5,2025-09-08,-0.5032865773810477
614,Pakistan,Fashion,-0.5307839466809289,-0.5,2025-05-24,-0.37088857654219404
615,Brazil,Beauty,-0.730154485425709,0.25,2025-06-16,-0.3193663133022339
616,Australia,Grocery,-0.3107193549050665,1.0,2025-08-12,0.41279924182998157
617,Brazil,Toys,-0.10217431551231154,0.5,2025-08-08,0.41303616996071474
618,UK,Sports,0.5056877789891593,-0.5,2025-06-28,0.11307875298961674
619,UAE,Electronics,0.3067697940880011,-0.5,2025-04-29,0.020196522279248594
620,China,Toys,0.24522247135539882,-0.75,2025-09-22,-0.2085607896750563
621,Pakistan,Toys,-0.3016682780326249,1.0,2025-05-30,0.4254780985556988
622,Canada,Sports,0.6943204492625428,-0.5,2025-08-03,0.201158386455395
623,USA,Electronics,-0.05951083043630306,0.0,2025-07-16,0.15434266851513298
624,China,Toys,0.9746569847571638,1.0,2025-02-11,2.2133697903826386
625,USA,Grocery,0.27212885442165663,0.75,2025-02-22,1.0250535489592771
626,UAE,Grocery,-0.7621623845473432,-0.75,2025-09-08,-0.5221511793577968
627,Pakistan,Grocery,0.3577438133832513,-0.5,2025-10-22,0.04399819422343598
628,India,Electronics,-0.357208977022607,-0.75,2025-09-28,-0.3960926068818017
629,Canada,Toys,0.37839672515582257,0.75,2025-05-03,1.1573747082422174
630,UK,Books,-0.8774813321539505,0.25,2025-09-23,-0.45695111916524467
631,India,Electronics,-0.6631353753111308,0.25,2025-01-29,-0.2567788660107387
632,UAE,Grocery,0.723407319029889,1.0,2025-02-04,1.8614162539101144
633,China,Sports,-0.5566617982844095,0.75,2025-01-06,-0.006928546958195024
634,UK,Toys,0.6853516549071235,-0.25,2025-04-21,0.46549333879762167
635,Brazil,Toys,-0.45055849258428804,-0.25,2025-10-21,-0.2417051141257192
636,Australia,Home Decor,0.2899430193569622,1.0,2025-03-18,1.2542142790821278
637,UK,Home Decor,0.39431839219961745,-1.0,2025-05-27,-0.3853732098318771
638,UAE,Fashion,0.02470532573591424,-0.75,2025-03-08,-0.2772059129577276
639,Germany,Books,-0.397527410363483,-0.75,2025-01-08,-0.4086433943476633
640,Australia,Books,-0.5862423631538888,0.25,2025-05-02,-0.1849704320096309
641,USA,Beauty,-0.951700162507971,-0.25,2025-06-24,-0.5537074449862486
642,Canada,Books,-0.4003250159422377,-0.5,2025-06-28,-0.3099724330918161
643,USA,Home Decor,0.3108839199391109,-0.5,2025-03-26,0.022117561177084546
644,UK,Electronics,0.8915516425647458,-0.5,2025-02-14,0.2932529912176505
645,USA,Books,0.75492152304939,0.25,2025-05-16,1.0675085086014517
646,UAE,Home Decor,0.5407812724991257,0.75,2025-01-16,1.3595704557024437
647,Brazil,Fashion,0.586365786929422,0.5,2025-07-14,1.1632146664916387
648,China,Toys,0.33495155616810324,-0.25,2025-01-09,0.2473401615593713
649,Canada,Books,-0.48923127558472007,-0.25,2025-01-15,-0.2657821349785965
650,USA,Fashion,0.8281941044576553,-0.75,2025-04-12,-0.027086648459486936
651,USA,Toys,0.34663567358525493,-1.0,2025-08-14,-0.3927948234405167
652,UK,Sports,0.12204554337317186,1.0,2025-10-05,1.0190214868200724
653,China,Sports,-0.7932651759817332,-0.75,2025-04-23,-0.53183321540289
654,India,Toys,-0.10888034064962047,0.75,2025-01-01,0.550633782749711
655,USA,Books,-0.08176825129080698,1.0,2025-09-23,0.7335166858236934
656,UAE,Beauty,0.7413860489992388,-0.25,2025-07-27,0.5003794051823225
657,Germany,Home Decor,0.09394606381009185,0.75,2025-04-20,0.8031863631852104
658,Canada,Electronics,-0.2446053524777322,1.0,2025-07-19,0.5054125270946528
659,USA,Electronics,0.9699668812868985,0.0,2025-01-12,0.9555119408576157
660,UAE,Grocery,-0.7938000123423774,0.5,2025-07-07,-0.3405041446414221
661,UAE,Toys,-0.15878468722358216,-0.25,2025-06-03,-0.06005167594635184
662,Canada,Electronics,-0.9337214325386212,-1.0,2025-10-06,-0.5920769952390253
663,India,Books,0.487503342727254,-0.5,2025-06-20,0.10458776106118184
664,UAE,Beauty,0.850369242795137,0.0,2025-05-14,0.862437606257464
665,Germany,Toys,-0.44899512476086634,-0.5,2025-01-25,-0.33269832325321536
666,UAE,Beauty,0.7287145413778207,0.5,2025-01-18,1.3183065401769276
667,UAE,Books,-0.42418694587867434,1.0,2025-07-09,0.25385248342303507
668,UAE,Electronics,0.8354761072141196,0.25,2025-05-21,1.1427363918407074
669,Brazil,Electronics,0.516137658650978,-1.0,2025-02-12,-0.3664125559102363
670,Brazil,Grocery,0.6198959126159669,0.5,2025-10-11,1.1997464228654857
671,India,Electronics,-0.9826383889083166,-0.5,2025-05-26,-0.5818762786915164
672,USA,Toys,0.9414559891387075,0.0,2025-04-02,0.9333239415876105
673,UAE,Books,0.46055581840248483,-0.25,2025-06-28,0.32553925162728
674,China,Sports,-0.39867936560179373,0.0,2025-02-25,-0.10960807604752655
675,USA,Books,0.6697591179314175,0.0,2025-06-04,0.7218815935658004
676,India,Toys,-0.44599181288955625,0.25,2025-06-09,-0.053993999955175793
677,Pakistan,Toys,0.7580482586962334,0.25,2025-04-21,1.0704284877261623
678,USA,Grocery,-0.7900150165593565,0.75,2025-05-17,-0.29749208371887526
679,USA,Grocery,0.4137370662168555,0.75,2025-08-20,1.2013793059286462
680,Australia,Electronics,0.0818505338078291,1.0,2025-08-08,0.9627158367245006
681,UK,Fashion,-0.8227223170756792,0.75,2025-03-09,-0.33821810835299737
682,Australia,Books,-0.5266698208298191,-0.75,2025-10-29,-0.4488443350163769
683,Germany,Books,-0.9940345175158908,-1.0,2025-09-06,-0.6014644719864504
684,Brazil,Fashion,-0.06465348775019028,-0.75,2025-01-06,-0.30502255619839214
685,Brazil,Grocery,-0.40575566206570257,-0.75,2025-10-07,-0.41120477954477785
686,UK,Electronics,0.19926768559850244,-0.5,2025-04-04,-0.030000224121204764
687,Canada,Fashion,-0.4139839137679221,0.5,2025-09-26,0.07331324780441263
688,Canada,Electronics,-0.40851212638594603,-0.75,2025-07-16,-0.4120628435858112
689,India,Electronics,0.49420936786456293,-1.0,2025-01-25,-0.3698256016853915
690,UK,Electronics,-0.9212556312097586,0.25,2025-05-28,-0.4978308269111936
691,USA,Home Decor,0.8194310163947914,1.0,2025-04-28,1.9959273975365877
692,Canada,Toys,0.7163310225659802,-0.5,2025-03-07,0.2114359445588173
693,UAE,Electronics,0.34067019110114577,0.25,2025-10-28,0.680649695355248
694,China,Home Decor,0.18877666467817245,-0.5,2025-06-24,-0.034898873310686494
695,USA,Grocery,0.7978729969349762,-1.0,2025-03-17,-0.32256164133563436
696,Germany,Fashion,-0.6418653446608931,0.0,2025-04-24,-0.29886242479933156
697,UAE,Toys,-0.8584740707218232,-0.25,2025-04-21,-0.4956664564196318
698,UAE,Sports,-0.5315244893341287,0.5,2025-09-06,-0.05474960858832464
699,UK,Fashion,0.5988727295167958,0.25,2025-07-22,0.9217784978116166
700,India,Toys,-0.9486968506366609,0.5,2025-05-27,-0.5092674118163103
701,Germany,Sports,0.16758891654495714,0.0,2025-02-04,0.33107824711604034
702,Canada,Fashion,1.0078991216341306,-0.25,2025-01-26,0.6663059382514064
703,UK,Toys,0.7233250365128668,0.5,2025-08-26,1.3124345646125424
704,Canada,Fashion,0.04264291444675296,0.5,2025-01-14,0.570817498102974
705,UK,Fashion,-0.8897002859317465,0.25,2025-02-14,-0.46836209021839015
706,UK,Sports,0.673790961265505,0.75,2025-08-04,1.5251896225478738
707,UK,Fashion,0.20050192335383543,-0.25,2025-08-21,0.16363409331766618
708,India,Fashion,-0.7852426305720691,0.0,2025-07-12,-0.4104427674486362
709,UK,Sports,-0.8281529631991441,-0.25,2025-02-20,-0.47678904751689716
710,Pakistan,Grocery,0.8331721967374981,-1.0,2025-08-02,-0.31706747008782354
711,China,Electronics,0.34350893793841153,0.75,2025-05-31,1.1139336152991537
712,Canada,Books,0.669553411638862,-1.0,2025-10-02,-0.34253404241013546
713,USA,Beauty,0.7707197663176515,0.0,2025-03-17,0.8004520844872905
714,Australia,Home Decor,0.14512578939789758,0.25,2025-08-08,0.49803573772696275
715,Germany,Beauty,0.03449694526155551,0.25,2025-07-06,0.3947222658013453
716,Brazil,Beauty,-0.14273959640425396,0.0,2025-10-16,0.08957164034309748
717,India,Toys,-0.37383004546109067,-0.5,2025-01-28,-0.29760094258975256
718,USA,Electronics,-0.13422335589245674,0.0,2025-06-29,0.09619922454063158
719,UAE,Toys,0.5567029395429205,0.75,2025-09-10,1.3793955771281108
720,Pakistan,Electronics,0.20650854709645564,-0.75,2025-05-06,-0.22061210702748052
721,Brazil,Sports,0.7983255507785983,0.25,2025-06-26,1.1080424293457902
722,Australia,Sports,-0.11636804969864026,1.0,2025-02-06,0.6850488744312924
723,USA,Books,0.2170407092752967,0.75,2025-04-09,0.9564596533805482
724,Brazil,Electronics,0.26636907823010303,0.75,2025-04-08,1.0178816704073563
725,USA,Fashion,0.1856910702898401,0.75,2025-05-07,0.9174241429765216
726,Pakistan,Grocery,0.41159772077427853,0.5,2025-06-17,0.9728012909381393
727,Australia,Books,-0.5357620389607717,0.75,2025-03-21,0.0190951266444893
728,UAE,Books,0.024129348116758927,0.25,2025-10-21,0.3850402297562522
729,UK,Fashion,-0.8070474975829509,-0.75,2025-05-06,-0.5361235356080568
730,Canada,Grocery,-0.23625367699997935,-0.75,2025-05-30,-0.3584402444842171
731,UAE,Toys,-0.026145269783802643,0.75,2025-01-16,0.6536526953776602
732,UK,Grocery,0.3089502807890894,-1.0,2025-01-28,-0.39866039554190913
733,India,Toys,0.9164421039639601,0.25,2025-06-22,1.2183484828595303
734,China,Sports,0.20391664781025648,0.25,2025-02-15,0.5529390294271141
735,Germany,Beauty,0.49503219303478485,-0.25,2025-08-24,0.3470036595791003
736,Germany,Sports,0.011704688046407334,-0.5,2025-08-02,-0.11758038747354577
737,Canada,Sports,0.27204657190463455,-0.5,2025-03-26,0.003982953981513147
738,Australia,Beauty,-0.8748482916092402,-1.0,2025-10-09,-0.5829136396963478
739,Pakistan,Grocery,-0.5012445230699607,-0.5,2025-08-20,-0.35709551725573196
740,Australia,Books,-0.28237302779092005,-0.25,2025-03-26,-0.1369956872676744
741,Pakistan,Grocery,-0.057083496184148264,0.0,2025-03-06,0.15623169009800503
742,Australia,Toys,-0.9263160060066237,-0.5,2025-05-14,-0.5555772561801423
743,China,Fashion,-0.7341451875012855,0.25,2025-05-31,-0.3230931287640356
744,India,Toys,-0.45557772612264197,0.0,2025-04-25,-0.15388802264264517
745,India,Fashion,0.959229012815502,-0.5,2025-03-05,0.3248540810870518
746,UK,Sports,-0.3444963281426778,0.25,2025-06-07,0.04079005926404995
747,Brazil,Beauty,-0.03762368090839891,0.25,2025-03-18,0.327370642043217
748,India,Sports,-0.619937053874478,0.75,2025-05-26,-0.08571675562144015
749,India,Electronics,0.22456955958282754,-0.75,2025-08-13,-0.214989866519814
750,UAE,Grocery,-0.44767860448851127,-1.0,2025-04-13,-0.5164264834422456
751,UAE,Fashion,-0.5977619155369963,-0.25,2025-10-28,-0.3333514764784797
752,UK,Toys,0.032686729887067216,0.5,2025-03-29,0.5599700317931938
753,Brazil,Beauty,-1.0080636866681751,-0.5,2025-10-30,-0.5937482990801426
754,Canada,Fashion,-1.0037027132659988,-0.5,2025-06-17,-0.5917119978484365
755,UAE,Toys,-0.5731594429473597,0.0,2025-06-19,-0.24539350880956423
756,Canada,Grocery,-0.9445004422685288,0.0,2025-05-15,-0.534381793674019
757,USA,Sports,-0.7993129409828645,-0.5,2025-02-19,-0.49627478540394654
758,UAE,Grocery,-0.3291917799765494,1.0,2025-05-14,0.3869228478761314
759,China,Home Decor,0.6151646678871905,-0.25,2025-05-17,0.42179610733484657
760,Brazil,Electronics,0.14566062575854205,-0.5,2025-09-02,-0.05503136096000721
761,UK,Home Decor,0.0247464669944253,-0.75,2025-04-19,-0.277193106031742
762,USA,Beauty,-0.4215950465924752,1.0,2025-10-14,0.25748324693994507
763,Brazil,Fashion,0.8782218748071504,-0.25,2025-01-21,0.5855710768383542
764,China,Beauty,-0.21078723798160978,-0.5,2025-03-31,-0.22147017106851394
765,Brazil,Sports,-0.8419352848003618,0.5,2025-10-23,-0.3929485065523436
766,China,Toys,0.23736449097977902,0.75,2025-04-22,0.9817661391280403
767,China,Grocery,-0.7874642585316683,-0.75,2025-10-28,-0.5300274388389241
768,Canada,Home Decor,-0.31623228354555366,0.5,2025-03-18,0.17981564430043764
769,Australia,Books,0.01404973978154,0.0,2025-06-26,0.21158962767064418
770,USA,Home Decor,0.7610515705675437,0.0,2025-05-28,0.7929280154707664
771,Brazil,Sports,-0.014173163557073182,-0.5,2025-04-11,-0.12966372214093388
772,Pakistan,Home Decor,0.4108571781210787,0.0,2025-09-03,0.5203966304977731
773,USA,Sports,1.002550758027688,-0.75,2025-04-27,0.027189103867371424
774,Australia,Books,-0.7515067985929689,-0.25,2025-04-02,-0.4290704412946522
775,USA,Beauty,-0.45981527574928505,0.25,2025-01-28,-0.06690338134863336
776,India,Grocery,-0.21572418900294157,-1.0,2025-01-25,-0.4803237590889154
777,Pakistan,Fashion,-0.16026577252998161,-0.25,2025-02-27,-0.06097377461731306
778,Australia,Toys,-0.18223520457490788,0.25,2025-10-24,0.19232160752534966
779,Canada,Fashion,0.8290580708863883,1.0,2025-05-14,2.009413090599396
780,Brazil,Beauty,0.4348425318330487,-0.75,2025-09-06,-0.1495336678075504
781,Germany,Toys,0.21868635961574073,0.5,2025-02-07,0.762620425125908
782,Australia,Home Decor,-0.38925801740275234,0.25,2025-03-16,-0.0010117471528602931
783,UK,Books,0.6583629893238433,-0.75,2025-05-22,-0.07995363892793231
784,Brazil,Books,0.9256577458704461,0.75,2025-06-17,1.8388056260825854
785,Australia,Electronics,0.6530557669759118,0.5,2025-09-16,1.235874761070787
786,India,Beauty,-1.0161273733363503,0.0,2025-08-13,-0.5901239390262254
787,Germany,Beauty,0.27673667537489965,0.0,2025-06-01,0.41602018371535315
788,India,Grocery,-0.9151667249501161,0.5,2025-01-19,-0.4727356554424634
789,Germany,Fashion,-0.49466192170818496,1.0,2025-05-26,0.15513029446324572
790,UK,Beauty,-0.8980931026680105,1.0,2025-08-29,-0.41000092850213404
791,Brazil,Beauty,0.21033468413798775,1.0,2025-08-25,1.1426979710627507
792,Canada,Home Decor,0.37893156151646684,0.25,2025-02-04,0.7163810188549966
793,India,Home Decor,-0.7861477382593132,0.25,2025-07-09,-0.37165699210132846
794,India,Toys,-0.23761133853084562,-0.5,2025-01-01,-0.2339953446824043
795,China,Sports,-0.09016106802707091,-1.0,2025-06-02,-0.46078039003493093
796,Germany,Sports,-0.2677267397609692,0.5,2025-05-06,0.23266342437990462
797,UAE,Electronics,-0.7728179705017175,-0.25,2025-08-14,-0.44233841661570583
798,Brazil,Sports,-0.16610783123855757,-1.0,2025-08-09,-0.4726011827196148
799,Germany,Grocery,0.5104601649764465,0.75,2025-07-30,1.3218156378969745
800,China,Electronics,-0.8746837265751958,0.25,2025-01-25,-0.45433850626418776
801,USA,Toys,-0.8560055952111574,0.25,2025-01-16,-0.4368954730718373
802,Germany,Home Decor,-0.29681360952831537,-0.75,2025-07-01,-0.37729203953498053
803,Canada,Sports,0.8985045152531215,-1.0,2025-05-09,-0.3068987708552786
804,Brazil,Fashion,0.34223355892456747,-0.75,2025-02-11,-0.1783620582010752
805,China,Home Decor,0.3628041881801164,-0.25,2025-08-24,0.2646807393438371
806,USA,Books,-0.28224960401538673,-0.75,2025-02-03,-0.37275838773608777
807,Pakistan,Grocery,0.18968177236541672,-1.0,2025-02-14,-0.4172240347579972
808,China,Home Decor,-0.9986834797276448,0.5,2025-05-14,-0.5637288645699595
809,Pakistan,Grocery,0.27611955649723324,0.75,2025-01-21,1.0300226362416796
810,Brazil,Grocery,0.8406187645280068,0.25,2025-05-02,1.1475389890852974
811,India,Grocery,0.22818999033180434,-0.25,2025-03-11,0.18087221569424747
812,China,Toys,0.7599818978462551,0.25,2025-02-17,1.0722342642901281
813,UK,Grocery,0.45508403102050893,-0.5,2025-02-08,0.08944997454623449
814,Pakistan,Grocery,-0.7737642194474728,0.75,2025-10-14,-0.27725714066166984
815,Canada,Books,0.8185259087075472,-0.75,2025-01-10,-0.03009627606609662
816,UK,Fashion,-0.883981650998704,0.0,2025-01-30,-0.4872843233620742
817,Australia,Electronics,0.06810935346512252,-1.0,2025-09-01,-0.4361462679016813
818,Australia,Beauty,-0.7298253553576203,0.25,2025-10-01,-0.3190589470785801
819,USA,Books,-0.9954744615637792,-0.75,2025-03-29,-0.5947792566219812
820,India,Electronics,-0.1598132186863596,-0.25,2025-09-01,-0.06069202224563049
821,Brazil,Grocery,-0.4184271696871206,0.25,2025-01-15,-0.02825207872417411
822,China,Fashion,-0.029559994240223816,0.75,2025-01-04,0.64940079595045
823,UAE,Home Decor,0.15615164667887182,0.75,2025-07-10,0.8806426515459559
824,Canada,Fashion,-0.9302244255651779,0.25,2025-06-17,-0.5062065565057584
825,Pakistan,Books,-0.7687861271676301,-0.25,2025-01-09,-0.43982825912253354
826,Brazil,Grocery,0.11838397136568397,0.75,2025-04-19,0.8336156193269318
827,UK,Fashion,-0.32042869191368556,0.75,2025-05-17,0.2872209290784456
828,Australia,Sports,0.465657334457861,-1.0,2025-06-03,-0.3742696050023853
829,Canada,Fashion,0.3090737045646226,-0.25,2025-07-28,0.23122904866952043
830,UAE,Grocery,0.702754407257318,-0.25,2025-09-29,0.47632799818141647
831,China,Toys,0.39094480900170725,0.5,2025-05-23,0.9502995219814876
832,USA,Sports,-0.14372698660852035,0.5,2025-04-09,0.36776368660171416
833,UAE,Fashion,0.35120235327998683,0.75,2025-03-10,1.1235131959363625
834,Canada,Beauty,-0.45849875547693,0.0,2025-09-04,-0.15616125200508443
835,UAE,Beauty,-0.3954703474379281,0.5,2025-09-18,0.09348415623169011
836,Canada,Fashion,0.5874766009092218,0.75,2025-10-03,1.4177138996769454
837,Canada,Toys,-0.11015571966346452,1.0,2025-03-20,0.6937511806384892
838,Germany,Home Decor,0.6066072861168822,-0.5,2025-05-26,0.16020183715353253
839,Pakistan,Grocery,0.6555653837450888,-0.5,2025-04-21,0.18306220003778037
840,Australia,Beauty,0.7271100322958879,-0.25,2025-09-15,0.4914913985483349
841,Germany,Home Decor,0.847407072182338,0.0,2025-04-03,0.860132359580061
842,China,Fashion,-0.14158764116594322,-1.0,2025-01-13,-0.46878471877591404
843,Germany,Books,-0.3699216259025363,0.5,2025-09-17,0.12132000986133304
844,India,Home Decor,0.16635467878962418,1.0,2025-04-19,1.0810902536091518
845,India,Sports,-0.263406907617304,0.75,2025-07-08,0.35822252674246224
846,Australia,Electronics,0.20478061423898947,0.0,2025-04-05,0.36002189984343536
847,UAE,Beauty,0.4176454857754098,-0.25,2025-04-15,0.29882400402137466
848,Pakistan,Fashion,0.38263427478246553,0.5,2025-01-08,0.9412450253096876
849,Australia,Books,-0.2565363174459506,0.0,2025-03-08,0.0010117471528602203
850,Canada,Grocery,-0.6794684549400365,0.5,2025-07-10,-0.21593757904274632
851,UK,Books,-0.14253389011169842,-1.0,2025-09-13,-0.46893199842474814
852,Pakistan,Toys,-0.7289202476703762,-1.0,2025-01-09,-0.5602005564609341
853,Pakistan,Sports,0.7933885997572666,-0.5,2025-04-27,0.24741700311528467
854,Canada,Fashion,-0.3149157632731984,-0.75,2025-09-24,-0.38292708696863265
855,Canada,Grocery,-0.7047291876658507,-0.75,2025-04-09,-0.5042727106819369
856,USA,Toys,-0.9674572645177215,0.5,2025-10-25,-0.5297072656892848
857,Australia,Toys,0.2959085018410713,-0.75,2025-06-13,-0.19278265686083038
858,Canada,Fashion,0.2777652068376771,-0.25,2025-05-21,0.21173690731947828
859,India,Sports,-0.32565363174459505,-0.75,2025-09-25,-0.3862696946508672
860,China,Home Decor,-0.8732437825273074,0.25,2025-02-06,-0.45299377903570254
861,UK,Home Decor,-0.18507395141217362,0.75,2025-03-15,0.4557600750485863
862,Australia,Toys,-0.38551416287824236,-0.25,2025-03-14,-0.20120961415933739
863,Brazil,Home Decor,0.3596363112747619,0.0,2025-07-18,0.48053507336767715
864,India,Electronics,0.21436652747207544,-0.25,2025-05-10,0.1722659614319424
865,UAE,Toys,-0.27681895789192185,-0.5,2025-09-03,-0.2523028453787809
866,Canada,Toys,-0.5755456359410033,0.0,2025-03-01,-0.24725051307747237
867,Brazil,Grocery,0.9928414210190688,1.0,2025-10-06,2.2388427661679438
868,Canada,Home Decor,-0.09472774772180283,0.75,2025-04-13,0.5682561129058594
869,Pakistan,Sports,0.38238742723139896,0.75,2025-10-23,1.1623437955246196
870,India,Toys,-0.7330755147799971,0.75,2025-05-31,-0.22659294146274314
871,Pakistan,Books,-0.030382819410445724,0.75,2025-06-06,0.6483762418716041
872,USA,Sports,-0.9632197148910784,0.5,2025-07-25,-0.5250903688714857
873,Pakistan,Electronics,0.010059037705963397,0.75,2025-06-28,0.6987330748468771
874,USA,Grocery,0.9439244646493735,0.75,2025-07-16,1.8615507266329632
875,USA,Fashion,-0.2368707958776458,0.75,2025-08-11,0.39126439578524064
876,Brazil,Sports,-0.9398926213152858,0.5,2025-03-30,-0.4996750242531161
877,Canada,Toys,-0.9562668422027029,-1.0,2025-10-14,-0.5955860929590723
878,UAE,Electronics,-0.2291773805360705,-0.25,2025-10-03,-0.1038769766689826
879,Pakistan,Beauty,-0.6934153415752988,-0.25,2025-08-24,-0.3929036823113941
880,India,Electronics,-0.9717359554028756,0.0,2025-07-02,-0.5555772561801423
881,USA,Electronics,0.520745479604221,0.25,2025-07-28,0.8488174404718072
882,Canada,Grocery,-0.08551210581531686,-0.25,2025-05-10,-0.014433405585740819
883,UK,Fashion,-0.4302347108798057,-0.75,2025-06-02,-0.4188249005061938
884,Australia,Beauty,0.813712381461749,0.25,2025-01-13,1.122411800301603
885,Brazil,Home Decor,-0.7827741550614032,0.75,2025-05-02,-0.2884760078250318
886,UAE,Home Decor,0.9274268199864233,0.75,2025-08-08,1.841008417352104
887,Germany,Sports,-0.3799189517207331,0.5,2025-04-16,0.11042771931060306
888,Brazil,Electronics,0.7899327340423342,0.25,2025-03-11,1.1002045906426194
889,UK,Books,0.20860675128052159,-0.75,2025-07-14,-0.2199589538022163
890,Australia,Grocery,0.6642873305494416,0.5,2025-07-05,1.248111778850002
891,UK,Books,0.9846543105753603,0.0,2025-04-09,0.9669421222997395
892,Pakistan,Grocery,-0.4319626437372719,0.25,2025-03-23,-0.040892514671934665
893,USA,Home Decor,0.9380412646822865,0.75,2025-03-16,1.8542251649692152
894,UAE,Sports,-0.22613292740624935,0.75,2025-07-11,0.4046348265141788
895,China,Sports,-0.23419661407442444,-0.5,2025-08-02,-0.23240088239720044
896,USA,Sports,-0.3261061855882171,0.5,2025-05-24,0.16905782647255635
897,China,Beauty,0.08329047785571761,-1.0,2025-08-04,-0.43378339005734307
898,Australia,Fashion,-0.7053874478020281,-1.0,2025-01-15,-0.5565377756290603
899,Canada,Beauty,0.1083455042889761,0.5,2025-08-05,0.6424018108993343
900,Germany,Toys,0.08386645547487293,1.0,2025-02-04,0.9655397639043196
901,India,Toys,0.5323061732458395,0.5,2025-07-02,1.1043156138839885
902,USA,Books,0.6784399234772592,0.0,2025-09-27,0.7286372470231902
903,UAE,Fashion,-0.1223335321827494,0.75,2025-04-10,0.5338823235605816
904,UK,Home Decor,-0.4036163166231254,-0.75,2025-01-07,-0.4105388193935281
905,UAE,Fashion,-0.49116491473474166,1.0,2025-01-30,0.1600289436527273
906,Australia,Grocery,-0.622940365745788,0.25,2025-11-01,-0.21924176594702421
907,China,Toys,-0.9018780984510315,1.0,2025-05-24,-0.41530299586016123
908,UK,Electronics,-0.3219097772200851,-0.75,2025-04-21,-0.3851042643861801
909,India,Electronics,-0.4689486351387488,-0.5,2025-08-20,-0.3420153619077198
910,India,Home Decor,0.9488202744121942,0.75,2025-06-28,1.8676468234020958
911,USA,Grocery,0.11649147347417356,-1.0,2025-03-13,-0.4286157954221644
912,Australia,Books,-0.3120770164359327,0.5,2025-07-29,0.18434289263633766
913,Canada,Beauty,0.1628165305576697,0.5,2025-08-08,0.7017491059164795
914,Australia,Grocery,-0.7358319791002406,-1.0,2025-03-21,-0.5612763382437223
915,China,Electronics,-0.11501038816777398,1.0,2025-03-24,0.68695070294015
916,UAE,Electronics,0.2560426223438175,0.75,2025-02-11,1.005023516717841
917,India,Books,-0.023676794273136795,-0.25,2025-09-30,0.024064213926891617
918,UAE,Toys,-0.20107790097299075,0.0,2025-07-10,0.044171087724241206
919,UAE,Grocery,1.0046489622117538,-0.75,2025-06-22,0.027842257092635637
920,UAE,Grocery,0.7734762306378951,1.0,2025-01-07,1.9315533840701051
921,India,Electronics,0.2502828461522637,0.25,2025-06-04,0.5962392461843364
922,Brazil,Beauty,0.14022997963507694,-0.5,2025-01-10,-0.05756713230515068
923,Pakistan,Home Decor,0.24468763499475454,0.5,2025-02-03,0.7909493454059956
924,China,Sports,-0.6093226091786147,1.0,2025-02-05,-0.005487767784818061
925,Brazil,Home Decor,-0.2146133750231419,-0.5,2025-01-06,-0.22325673724350134
926,China,Grocery,-0.9389463723695307,-0.75,2025-08-03,-0.5771825403178039
927,UK,Home Decor,-0.05083002489046135,0.5,2025-05-14,0.46897682266569757
928,Australia,Electronics,0.0865817785366055,0.5,2025-10-12,0.6186897874370458
929,Australia,Electronics,-0.5554687017875876,-0.25,2025-05-06,-0.30702043665214157
930,Germany,Books,0.9439244646493735,1.0,2025-06-23,2.1703193086821355
931,Australia,Grocery,0.8328019254108983,0.75,2025-06-01,1.7231846982848325
932,India,Books,0.4513401764959989,-1.0,2025-01-26,-0.376498010123875
933,Canada,Grocery,0.06695739822681165,-1.0,2025-04-25,-0.4363255648654793
934,USA,Sports,0.752370765021702,0.0,2025-10-11,0.7861723620133768
935,Germany,Sports,-0.753234731450435,0.25,2025-03-16,-0.34092036973595324
936,USA,Toys,0.5905621952975542,-0.5,2025-06-15,0.15270978545197245
937,China,Grocery,-0.765083413901631,1.0,2025-07-08,-0.22367936580102524
938,USA,Beauty,0.598091045605085,0.25,2025-03-19,0.921048503030439
939,USA,Home Decor,-0.4577170715652191,-0.25,2025-03-31,-0.24616192436869863
940,Germany,Grocery,0.7668936292761196,0.5,2025-06-25,1.3599034357780686
941,UK,Fashion,0.9032357599818979,0.75,2025-01-21,1.8108865274340364
942,UAE,Toys,-0.7162898813074691,1.0,2025-02-23,-0.15532880181602213
943,Australia,Fashion,-0.07707814782054176,0.25,2025-07-03,0.29052511598272335
944,Australia,Electronics,0.9784831217986957,0.25,2025-08-10,1.2762870160182627
945,India,Sports,-0.034826075329644345,0.75,2025-06-28,0.6428436498458365
946,Germany,Home Decor,0.7393289860736838,0.0,2025-10-03,0.7760228731698103
947,India,Grocery,0.17964330528870884,-0.5,2025-04-22,-0.03916357966388228
948,Canada,Fashion,-0.25493180836401785,-0.5,2025-08-12,-0.24208291844229363
949,Canada,Home Decor,-0.43731100734371453,0.25,2025-08-02,-0.045887215806308106
950,India,Electronics,-0.6054141896200604,-0.75,2025-02-28,-0.4733567913527636
951,Germany,Sports,0.532100466953284,0.25,2025-04-19,0.8594215751878616
952,India,Beauty,-0.2320984098903585,0.25,2025-06-06,0.14575562464180622
953,Australia,Toys,0.021907720157159558,0.75,2025-07-10,0.7134866535822572
954,Brazil,Home Decor,-0.016682780326250205,0.5,2025-07-19,0.5061809426537872
955,Pakistan,Home Decor,0.1563162117129163,0.75,2025-07-15,0.8808475623617252
956,USA,Beauty,0.7434431119247936,1.0,2025-02-04,1.8894826322074978
957,Pakistan,Home Decor,0.9779894266965626,0.25,2025-09-03,1.275825966682782
958,Germany,Electronics,-0.18927035978030565,-0.5,2025-08-25,-0.21142313763283188
959,Pakistan,Electronics,0.6659329808898854,-0.5,2025-04-14,0.18790321806032692
960,Canada,Beauty,0.5376545368522823,-1.0,2025-01-07,-0.36306354476500896
961,China,Toys,0.1487050788883631,0.0,2025-10-10,0.3163822995475953
962,USA,Grocery,0.9276736675374899,-0.25,2025-01-01,0.6163589269076717
963,UAE,Fashion,-0.6110505420360808,1.0,2025-08-07,-0.007908276796091341
964,Germany,Grocery,-0.7967621829551765,1.0,2025-08-18,-0.2680553643410357
965,USA,Home Decor,0.7197868882809124,0.0,2025-06-21,0.7608146485619424
966,Pakistan,Fashion,-0.12496657272745972,-0.25,2025-03-28,-0.03899708962606984
967,Canada,Books,0.7055520128360726,0.5,2025-02-10,1.2930704925223562
968,UK,Beauty,0.7994775060169089,0.25,2025-05-03,1.1091182111285782
969,Brazil,Beauty,-0.8920864789253902,-0.25,2025-10-25,-0.5165929734800581
970,UAE,Toys,0.7798942669656264,-0.75,2025-06-27,-0.042121979566549644
971,Brazil,Fashion,-0.10628844136342133,-1.0,2025-03-04,-0.4632905475281033
972,USA,Electronics,0.020179787299693618,-0.25,2025-06-14,0.051368580128133313
973,Canada,Fashion,0.25674202373850624,-0.25,2025-07-06,0.19864822896222278
974,Canada,Home Decor,0.8672783000431983,-1.0,2025-07-28,-0.31175899926680356
975,Pakistan,Electronics,-0.9803756196902061,0.25,2025-08-15,-0.5530414848349988
976,Australia,Sports,-0.04819698434575115,-0.25,2025-02-17,0.008798358152088582
977,Pakistan,Sports,0.3812354719930883,-1.0,2025-08-12,-0.3874095110635832
978,Australia,Books,0.45249213173430974,-1.0,2025-01-03,-0.37631871316007703
979,Australia,Sports,0.3910270915187296,-1.0,2025-06-24,-0.3858854868713001
980,UAE,Beauty,-0.7455001748503485,0.75,2025-04-09,-0.24206370805331529
981,Pakistan,Fashion,-0.4095817991072347,0.75,2025-04-26,0.1762104946354988
982,UK,Sports,-0.28879106411865135,-0.75,2025-09-27,-0.37479468896779383
983,India,Grocery,0.6189496636702115,0.5,2025-09-10,1.1987154653236471
984,India,Toys,-0.4515870240470655,0.75,2025-04-05,0.12390700891041875
985,Pakistan,Grocery,-0.5901919239709541,0.75,2025-09-30,-0.048679125671163025
986,Pakistan,Sports,0.9305535556332667,0.5,2025-01-24,1.5382142662752016
987,Brazil,Books,-1.001234237755333,0.0,2025-04-26,-0.5785336710092819
988,UAE,Toys,1.0127537901384402,-1.0,2025-05-31,-0.28911635412431047
989,Pakistan,Home Decor,0.3590603336556064,1.0,2025-02-19,1.3510346395330595
990,Brazil,Grocery,0.6678666200399068,0.5,2025-07-25,1.2520114878126092
991,Australia,Books,-0.4192911361158537,-0.75,2025-03-20,-0.41541825819403133
992,Canada,Fashion,-0.9901260979573364,0.25,2025-03-11,-0.5621472092107412
993,Canada,Fashion,0.4833892168761442,-0.75,2025-01-27,-0.13442149514457424
994,Australia,Grocery,0.6794273136815254,-1.0,2025-09-28,-0.3409972112918667
995,Germany,Sports,0.4886964392240759,0.5,2025-02-19,1.0568019184775128
996,Brazil,Books,-0.728385411309732,-0.75,2025-10-19,-0.5116366931236414
997,Brazil,Fashion,0.5150679859296895,-0.75,2025-09-04,-0.12456016213568304
998,Australia,Home Decor,0.5466233312077016,0.0,2025-09-21,0.6260537698787504
999,UK,Electronics,0.32182749470306304,0.0,2025-03-20,0.4511111609158233
1000,China,Sports,0.5409046962746591,0.5,2025-07-09,1.1136838802424351
1001,USA,Books,0.7034126673934956,-1.0,2025-02-16,-0.33726399236707216
1002,Australia,Home Decor,0.23028819451587032,0.75,2025-07-08,0.9729549740499663
1003,Pakistan,Books,-0.8388496904120295,-0.5,2025-09-13,-0.5147359692121499
1004,Pakistan,Toys,-0.02622755230082488,-0.25,2025-08-10,0.022476155104680554
1005,UAE,Home Decor,-0.8611482525250447,1.0,2025-08-29,-0.3582481405944335
1006,Australia,Sports,-0.18935264229732787,-0.25,2025-09-26,-0.07908276796091333
1007,UAE,Toys,-0.19021660872606086,0.0,2025-01-01,0.05262365887471934
1008,Australia,Sports,-0.884886758685948,0.5,2025-02-03,-0.43974501410362726
1009,Brazil,Fashion,-0.30890913953057825,-0.25,2025-03-20,-0.1535166217890636
1010,USA,Electronics,-0.7932651759817332,-1.0,2025-08-24,-0.5702155725816522
1011,Brazil,Sports,0.6266842202702979,1.0,2025-04-08,1.7259253804457448
1012,China,Sports,0.9106823277724065,-0.25,2025-03-23,0.6057804060435884
1013,Canada,Fashion,-0.8720095447719745,1.0,2025-07-11,-0.3734627686652942
1014,India,Beauty,0.9257811696459792,0.25,2025-09-10,1.2270699994557055
1015,Australia,Fashion,0.04494682492337445,-1.0,2025-02-07,-0.43975141756662006
1016,China,Toys,-0.4092115277806348,-0.5,2025-01-14,-0.31412187711114176
1017,Canada,Fashion,-0.8627527616069774,-0.75,2025-07-28,-0.5534641133925228
1018,Germany,Fashion,0.00022627692181106623,1.0,2025-03-30,0.8483756015253048
1019,USA,Electronics,0.5987493057412626,-1.0,2025-02-25,-0.35355440222072104
1020,UAE,Fashion,0.42068993890523104,1.0,2025-04-04,1.437366127601807
1021,UAE,Books,-0.9170180815831155,1.0,2025-04-03,-0.43651126529227013
1022,Brazil,Sports,-0.8708164482751526,0.75,2025-03-26,-0.3981032942615367
1023,Pakistan,Books,-0.19885627301339148,0.75,2025-09-02,0.43859879422791836
1024,Canada,Electronics,-0.41793347458498753,-1.0,2025-01-22,-0.511796779698461
1025,Germany,Grocery,-0.5460473535885462,0.75,2025-10-18,0.006288200658916302
1026,China,Beauty,-0.4470203443523337,-0.5,2025-09-29,-0.33177622458225414
1027,USA,Books,0.616974883261679,0.5,2025-05-02,1.1965639017580707
1028,Canada,Electronics,0.8730792174932631,-1.0,2025-05-08,-0.31085611098482063
1029,Germany,Toys,-0.19428959331865958,-1.0,2025-04-23,-0.4769875548696736
1030,India,Grocery,0.8259724764980559,0.0,2025-09-30,0.843451338483852
1031,Australia,Electronics,-0.36457326229609366,0.0,2025-05-10,-0.08306572194242648
1032,UAE,Electronics,-0.049019809515973053,0.75,2025-05-12,0.6251700919857459
1033,China,Beauty,-0.5590068500195421,0.5,2025-03-26,-0.0846922015425943
1034,UAE,Sports,0.28504720959414154,0.75,2025-03-22,1.041139047997157
1035,China,Books,0.9744101372060971,0.25,2025-03-10,1.2724833590005473
1036,Brazil,Toys,0.2097175652603214,0.25,2025-05-28,0.5583563591190116
1037,Pakistan,Home Decor,-0.29060127949313963,-0.75,2025-01-16,-0.375358193711159
1038,China,Books,0.29998148643367006,0.25,2025-04-15,0.642651545956053
1039,UAE,Home Decor,-0.7689506922016743,0.0,2025-06-14,-0.397763910722919
1040,Brazil,Electronics,0.7904675704029785,-0.5,2025-07-20,0.24605306549782122
1041,China,Fashion,0.005245510460164999,0.25,2025-07-16,0.36740509267411814
1042,India,Toys,-0.10419023717935526,0.75,2025-07-04,0.5564737409991324
1043,Pakistan,Grocery,0.17380124658013288,1.0,2025-09-22,1.091521494824401
1044,China,Fashion,0.25308045173101834,-1.0,2025-04-10,-0.4073562982861132
1045,Brazil,Fashion,-0.8731203587517741,-0.5,2025-08-02,-0.5307382232311234
1046,Canada,Books,0.3708678748482915,-0.5,2025-10-05,0.050126308307532695
1047,UK,Toys,-0.5265875383127969,0.75,2025-06-11,0.030518904623620433
1048,Germany,Sports,0.43467796679900444,-1.0,2025-06-06,-0.37909141263595353
1049,UK,Electronics,0.6557710900376441,0.0,2025-09-08,0.7109957064780633
1050,UK,Electronics,0.6179622734659452,-0.5,2025-04-07,0.16550390451155989
1051,USA,Electronics,0.10587702877831037,-0.75,2025-01-18,-0.2519378479881921
1052,India,Electronics,0.040009873902042754,0.75,2025-04-07,0.7360268433168659
1053,Canada,Books,-0.7283442700512208,-0.5,2025-01-01,-0.4631368644162764
1054,Australia,Home Decor,0.5597062514142308,0.5,2025-08-04,1.134168558356359
1055,China,Electronics,-0.46656244214510517,-1.0,2025-05-12,-0.5193656729559346
1056,Germany,Home Decor,-0.0077962684878529675,0.25,2025-09-17,0.35522570606183823
1057,Pakistan,Home Decor,-0.4403554604735358,-0.5,2025-05-05,-0.32866414156775986
1058,Canada,Sports,-0.7467344126056815,0.75,2025-03-23,-0.24360053917158406
1059,UAE,Electronics,0.26278978873963754,0.25,2025-10-10,0.607919162683179
1060,Australia,Beauty,-0.9086664061053628,-0.75,2025-06-20,-0.5677566427924222
1061,USA,Grocery,0.5053175076625593,0.25,2025-02-28,0.8344096487380375
1062,USA,Fashion,-0.37251352518873543,0.5,2025-02-01,0.11849608268151414
1063,Canada,Home Decor,-1.019007261432127,0.0,2025-06-10,-0.5923651510737007
1064,Brazil,Toys,0.0216197313475819,-0.5,2025-10-11,-0.11295068372976112
1065,UK,Toys,-0.9238886717544689,-0.25,2025-04-16,-0.5363924810537539
1066,UAE,Grocery,-0.4568942463949972,-0.25,2025-04-15,-0.24564964732927574
1067,USA,Toys,0.42044309135416447,0.25,2025-08-16,0.7551475838133261
1068,Germany,Beauty,-0.8916339250817681,-1.0,2025-07-07,-0.5855262525974048
1069,USA,Toys,0.6900006171188777,-0.25,2025-03-11,0.4683877040703613
1070,Pakistan,Fashion,-1.0115195523831073,-0.25,2025-10-17,-0.590949985752295
1071,China,Fashion,-0.5166313537531112,-1.0,2025-03-28,-0.5271586874181557
1072,USA,Home Decor,0.4895604056528089,1.0,2025-02-25,1.5338407010511284
1073,Pakistan,Electronics,-0.3752288482504679,-0.25,2025-04-23,-0.1948061511665509
1074,Canada,Sports,-0.8117787423117272,0.5,2025-01-13,-0.3600923379363561
1075,Canada,Beauty,-0.28566432847180795,-0.5,2025-01-18,-0.25643307900912815
1076,Australia,Home Decor,-0.46866064632917115,-0.5,2025-07-01,-0.34188088918487125
1077,USA,Beauty,0.6968712072902309,0.75,2025-04-23,1.5539283644594997
1078,Germany,Electronics,-0.38115318947606597,0.75,2025-08-17,0.21160883805962266
1079,USA,Books,0.5873531771336884,-1.0,2025-06-20,-0.3553281614697229
1080,Germany,Toys,0.7970090305062432,-0.75,2025-10-22,-0.03679429835655125
1081,India,Toys,-0.1358278649743895,0.75,2025-07-08,0.5170796366675098
1082,Australia,Sports,0.8337893156151647,-1.0,2025-03-20,-0.3169714181429317
1083,India,Electronics,-0.25089996502993017,0.75,2025-05-26,0.3737957487409191
1084,USA,Home Decor,0.944047888424907,0.75,2025-07-01,1.8617044097447901
1085,Australia,Sports,-0.8374508876226523,-0.75,2025-10-13,-0.5455878539113953
1086,India,Electronics,0.3797955279451998,-0.25,2025-09-07,0.2752592602079204
1087,UK,Grocery,-0.013638327196428927,0.25,2025-07-15,0.34976995559198415
1088,USA,Fashion,-0.22983564067224818,1.0,2025-03-12,0.526102116024346
1089,India,Sports,0.2692078250673688,0.75,2025-09-05,1.0214163819793745
1090,UK,Sports,0.4141073375434555,0.75,2025-05-26,1.201840355264127
1091,UK,Home Decor,-1.0104087384033076,0.5,2025-04-16,-0.5765037732405686
1092,Canada,Beauty,-0.6793038899059922,1.0,2025-09-20,-0.1035183827413866
1093,USA,Grocery,0.4328266101660049,-0.75,2025-10-23,-0.15016120718084347
1094,UK,Home Decor,0.337790303005369,-0.5,2025-03-11,0.03468115556893166
1095,Canada,Electronics,0.9480385905004833,0.75,2025-07-12,1.8666734970271923
1096,India,Electronics,0.5305370991298622,0.25,2025-03-09,0.8579615856255064
1097,Pakistan,Electronics,0.9169357990660933,1.0,2025-11-01,2.132513263172724
1098,USA,Books,0.41143315574023404,-0.25,2025-02-21,0.29495631237373166
1099,Australia,Electronics,-0.41229712216896713,0.75,2025-10-12,0.17282946617530753
1100,Germany,Beauty,-0.8047024458478184,-0.5,2025-01-09,-0.4987913463601116
1101,Germany,Grocery,0.5728714541377821,-0.5,2025-09-08,0.1444493181912778
1102,India,Toys,0.29249377738465027,0.75,2025-10-25,1.0504112624107118
1103,Brazil,Fashion,-0.9211733486927364,0.0,2025-07-03,-0.5162279760894692
1104,Brazil,Beauty,-0.2860757410569189,-0.5,2025-06-28,-0.2566251828989118
1105,India,Beauty,0.9292370353609116,-1.0,2025-07-17,-0.3021153839996671
1106,UK,Books,-0.00022627692181106623,-0.5,2025-05-08,-0.12315140027726998
1107,USA,Toys,-0.13804949293398885,1.0,2025-01-20,0.654677249456506
1108,Germany,Toys,-0.08719889741427186,0.0,2025-03-06,0.13279501554440634
1109,Germany,Fashion,-0.593894637236953,-0.75,2025-07-01,-0.4697708520768032
1110,UK,Fashion,-0.26842614115565794,0.5,2025-08-29,0.231901412283763
1111,Germany,Toys,-0.2661633719375475,-0.75,2025-01-24,-0.36775087967572867
1112,Australia,Electronics,-0.912657108180939,-0.25,2025-03-24,-0.529399899465631
1113,USA,Beauty,0.543866866887458,0.5,2025-07-04,1.1169112255907996
1114,China,Home Decor,-0.17108592351840043,-0.25,2025-04-09,-0.06771021768572452
1115,Germany,Fashion,0.6550716886429556,0.5,2025-03-03,1.2380711488773128
1116,India,Books,0.712422603007426,0.5,2025-10-13,1.3005561407609236
1117,Australia,Books,-0.587558883426244,-1.0,2025-01-22,-0.5381982576177197
1118,Germany,Fashion,0.31940016045090813,0.25,2025-07-31,0.6607861531516243
1119,Australia,Toys,-0.05749490876925922,1.0,2025-05-06,0.7675190743153897
1120,Canada,Grocery,0.7731471005698064,-0.75,2025-02-11,-0.0442223154281836
1121,China,Home Decor,-0.5799477506016908,-0.5,2025-04-08,-0.39384499137133366
1122,UAE,Home Decor,0.36107625532265025,0.0,2025-01-31,0.4816556793914148
1123,India,Fashion,0.21839837080616284,1.0,2025-06-07,1.153993679782026
1124,India,Electronics,-0.41793347458498753,-0.25,2025-04-22,-0.2213933295126005
1125,USA,Grocery,-0.7410980601896611,-1.0,2025-09-04,-0.562095981506799
1126,Australia,Home Decor,0.3077571842922675,-0.25,2025-05-02,0.23040940540644378
1127,UK,Fashion,0.4848703021825438,0.25,2025-09-30,0.815314522093548
1128,India,Books,-0.37650422726431193,0.0,2025-10-21,-0.09235074328196691
1129,Australia,Home Decor,0.29389258017402753,-1.0,2025-07-26,-0.40100406299726893
1130,Australia,Sports,-0.2146133750231419,-0.25,2025-04-20,-0.09480967307119695
1131,Pakistan,Grocery,0.4331557402340938,0.25,2025-10-05,0.7670196042019523
1132,Pakistan,Grocery,-0.6136013000637688,-0.25,2025-02-25,-0.34321280948737076
1133,UAE,Sports,0.7936354473083332,1.0,2025-02-26,1.9597926558682937
1134,Canada,Beauty,-0.4339785654043156,0.0,2025-10-18,-0.1370789322865806
1135,UAE,Books,-0.27031863904716835,0.75,2025-04-24,0.3496162724801573
1136,Germany,Sports,-0.9009729907637873,1.0,2025-07-17,-0.41403511018758954
1137,UK,Toys,-0.7921955032604446,0.0,2025-06-28,-0.4158536936775409
1138,Germany,Toys,0.03124678583917893,0.25,2025-08-07,0.3916870243427645
1139,Brazil,Fashion,-0.4743381400037026,-1.0,2025-10-04,-0.5205759274615712
1140,Germany,Grocery,0.6821426367432579,0.5,2025-01-16,1.2675654994220875
1141,USA,Beauty,-0.9893855553041366,-0.25,2025-03-02,-0.5771697333918183
1142,Germany,Beauty,-0.2472795342809536,-0.75,2025-02-23,-0.3618725006483507
1143,UAE,Home Decor,-0.33227737436488175,0.0,2025-06-17,-0.05793212969573947
1144,India,Home Decor,-0.9799230658465842,-0.5,2025-01-26,-0.5806083930189446
1145,India,Sports,-0.7660296628473864,0.25,2025-03-06,-0.35286923168049283
1146,Pakistan,Beauty,-0.17692798222697628,0.75,2025-04-10,0.46590316042916
1147,UK,Sports,-0.015571966346450522,0.5,2025-03-15,0.5073911971594237
1148,UK,Books,-0.19597638491761457,-0.5,2025-07-11,-0.21455443103630448
1149,USA,Sports,0.06193816468845784,0.75,2025-06-20,0.7633312095181074
1150,UAE,Home Decor,0.1926850842367267,-0.75,2025-09-30,-0.22491523415863307
1151,Pakistan,Grocery,-0.9990948923127557,1.0,2025-07-06,-0.5514854433277516
1152,Brazil,Sports,-0.0741571184662539,-0.25,2025-01-23,-0.007363982441704547
1153,UK,Electronics,0.9428547919280851,-1.0,2025-06-30,-0.29999583774905475
1154,India,Grocery,0.03770596342542126,0.75,2025-04-18,0.7331580918960975
1155,Germany,Beauty,0.3605002777034949,0.5,2025-06-11,0.9171295836788534
1156,Germany,Beauty,-0.38419764260588724,0.0,2025-10-29,-0.0983379811802223
1157,Pakistan,Sports,0.5569497870939871,0.0,2025-07-25,0.6340901159346976
1158,UAE,Grocery,0.5547693003928991,0.5,2025-03-19,1.1287896494424183
1159,UAE,Home Decor,0.04231378437866424,0.0,2025-01-16,0.23358552305086588
1160,Canada,Home Decor,0.9683623722049657,0.75,2025-04-06,1.8919799827746846
1161,China,Toys,-0.7636023285952316,0.25,2025-05-27,-0.35060240578104646
1162,UK,Beauty,-0.9847777343508938,0.0,2025-01-02,-0.5657267450237089
1163,UAE,Fashion,0.5491329479768786,1.0,2025-01-10,1.6172906307731223
1164,India,Toys,0.6244625923106988,-0.75,2025-05-05,-0.0905065459400444
1165,Pakistan,Home Decor,-0.7745047621006725,-1.0,2025-03-22,-0.5672955934569416
1166,Brazil,Grocery,-0.4784522658548124,0.75,2025-05-20,0.09045531823610208
1167,Canada,Books,-0.9835434965955607,-0.5,2025-05-30,-0.5822989072490403
1168,Australia,Home Decor,-0.4219653179190751,0.5,2025-10-15,0.06461734506020847
1169,USA,Grocery,0.5552218542365209,0.75,2025-05-09,1.3775513797861882
1170,Brazil,Toys,0.035525476724332955,0.25,2025-08-27,0.39568278525026324
1171,Australia,Beauty,-0.3103902248369777,1.0,2025-02-27,0.4132602911654622
1172,Germany,Home Decor,-0.26225495237899327,0.5,2025-07-17,0.2386250484261888
1173,USA,Sports,-1.0165387859214612,0.0,2025-07-30,-0.5904441121758648
1174,UK,Grocery,-0.40875897393701266,0.75,2025-02-14,0.1772350487143447
1175,India,Beauty,0.29722502211342644,-0.75,2025-04-07,-0.19237283522929205
1176,USA,Books,0.9646596589389669,0.5,2025-10-06,1.5753735620223417
1177,China,Books,0.7057577191286282,-0.25,2025-01-23,0.47819780937531015
1178,Australia,Fashion,-0.9712422603007425,1.0,2025-02-13,-0.5124691433127035
1179,UK,Grocery,0.8106267870734166,-1.0,2025-01-27,-0.3205765678078705
1180,China,Toys,0.5756690597165367,0.5,2025-10-09,1.1515603638447673
1181,Germany,Fashion,0.5699504247834941,0.25,2025-04-07,0.8947686909080429
1182,China,Fashion,-0.08658177853660537,0.75,2025-02-05,0.5783991982864333
1183,Canada,Electronics,-0.20877131631456605,0.0,2025-04-19,0.03818384982598582
1184,Canada,Home Decor,-0.4024232201263036,-1.0,2025-02-24,-0.5093826741501805
1185,Pakistan,Grocery,-0.8855038775636145,-1.0,2025-07-11,-0.5845721366114796
1186,Brazil,Fashion,-0.5544813115833211,1.0,2025-08-07,0.07133457773964151
1187,Brazil,Electronics,-0.5170839075967333,0.25,2025-07-04,-0.12038510426438626
1188,UK,Toys,-0.03346841379877807,0.0,2025-03-10,0.17460962888730217
1189,Germany,Beauty,0.5028490321518936,-1.0,2025-05-10,-0.36848087445690636
1190,UAE,Sports,-0.054368173122415826,0.25,2025-02-24,0.3117333854148323
1191,Canada,Sports,-0.9015078271244317,0.25,2025-04-07,-0.4793888534919685
1192,UK,Grocery,0.9312529570279554,-0.5,2025-03-28,0.31179101658176733
1193,UAE,Fashion,0.9005615781786763,0.75,2025-10-21,1.8075567266777872
1194,Brazil,Sports,0.5797420443091355,-1.0,2025-04-29,-0.3565128021233883
1195,Pakistan,Home Decor,0.9995474461563778,-1.0,2025-07-27,-0.291171865744995
1196,China,Sports,0.08954394914940442,0.25,2025-06-03,0.44612926670743525
1197,Canada,Sports,0.9413737066216854,-1.0,2025-02-04,-0.30022636241679507
1198,UK,Sports,-0.8653446608931765,0.25,2025-03-20,-0.44561698966801255
1199,USA,Books,-0.2745973299323226,-1.0,2025-03-08,-0.48948711463159283
1200,UAE,Electronics,-0.5603233702918972,0.25,2025-02-03,-0.1607653418968979
